Time,Account,Type,Details
2025-12-20 14:47:23.326208+00:00,N/A,Privilege Escalation,
2025-12-20 14:48:54.511974+00:00,N/A,Privilege Escalation,
2025-12-20 14:49:12.327211+00:00,N/A,Privilege Escalation,
2025-12-20 14:49:13.509281+00:00,N/A,Privilege Escalation,
2025-12-20 14:50:09.439878+00:00,N/A,Privilege Escalation,
2025-12-20 14:50:23.721216+00:00,N/A,Privilege Escalation,
2025-12-20 14:52:11.286196+00:00,N/A,Privilege Escalation,
2025-12-20 14:52:34.477039+00:00,N/A,Privilege Escalation,
2025-12-20 14:53:07.381824+00:00,N/A,Privilege Escalation,
2025-12-20 14:53:07.683306+00:00,N/A,Privilege Escalation,
2025-12-20 14:53:09.292355+00:00,N/A,Privilege Escalation,
2025-12-20 14:53:09.299328+00:00,N/A,Privilege Escalation,
2025-12-20 14:53:09.302029+00:00,N/A,Privilege Escalation,
2025-12-20 14:53:09.309200+00:00,N/A,Privilege Escalation,
2025-12-20 14:53:09.311792+00:00,N/A,Privilege Escalation,
2025-12-20 14:53:09.328913+00:00,N/A,Privilege Escalation,
2025-12-20 14:53:10.080011+00:00,N/A,Privilege Escalation,
2025-12-20 14:53:10.944757+00:00,N/A,Privilege Escalation,
2025-12-20 14:53:12.409754+00:00,N/A,Privilege Escalation,
2025-12-20 14:53:12.409857+00:00,N/A,Privilege Escalation,
2025-12-20 14:53:12.413759+00:00,N/A,Privilege Escalation,
2025-12-20 14:53:12.416004+00:00,N/A,Privilege Escalation,
2025-12-20 14:53:12.423468+00:00,N/A,Privilege Escalation,
2025-12-20 14:53:12.426756+00:00,N/A,Privilege Escalation,
2025-12-20 14:53:12.449072+00:00,N/A,Privilege Escalation,
2025-12-20 14:53:12.503042+00:00,N/A,Privilege Escalation,
2025-12-20 14:53:13.165373+00:00,N/A,Privilege Escalation,
2025-12-20 14:53:13.814674+00:00,N/A,Privilege Escalation,
2025-12-20 14:55:12.553291+00:00,N/A,Privilege Escalation,
2025-12-20 15:02:09.543854+00:00,N/A,Privilege Escalation,
2025-12-20 15:02:11.181469+00:00,N/A,Privilege Escalation,
2025-12-20 15:02:12.365904+00:00,N/A,Privilege Escalation,
2025-12-20 15:02:17.697092+00:00,N/A,Privilege Escalation,
2025-12-20 15:02:35.604160+00:00,N/A,Privilege Escalation,
2025-12-20 15:04:21.365690+00:00,N/A,Privilege Escalation,
2025-12-20 15:06:19.970610+00:00,N/A,Privilege Escalation,
2025-12-20 15:13:46.002392+00:00,N/A,Privilege Escalation,
2025-12-20 15:17:17.840359+00:00,N/A,Privilege Escalation,
2025-12-20 15:17:51.429234+00:00,N/A,Privilege Escalation,
2025-12-20 15:19:24.510952+00:00,N/A,Privilege Escalation,
2025-12-20 15:19:36.372927+00:00,N/A,Privilege Escalation,
2025-12-20 15:19:56.218344+00:00,N/A,Privilege Escalation,
2025-12-20 15:20:33.295687+00:00,N/A,Privilege Escalation,
2025-12-20 15:23:13.993427+00:00,N/A,Privilege Escalation,
2025-12-20 15:26:10.369192+00:00,N/A,Privilege Escalation,
2025-12-20 15:26:10.508902+00:00,N/A,Privilege Escalation,
2025-12-20 15:26:23.918873+00:00,N/A,Privilege Escalation,
2025-12-20 15:28:05.891632+00:00,N/A,Privilege Escalation,
2025-12-20 15:28:12.440096+00:00,N/A,Privilege Escalation,
2025-12-20 15:47:14.460274+00:00,N/A,Privilege Escalation,
2025-12-20 15:47:17.960443+00:00,N/A,Privilege Escalation,
2025-12-20 15:48:15.020664+00:00,N/A,Privilege Escalation,
2025-12-20 15:49:16.391708+00:00,N/A,Privilege Escalation,
2025-12-20 15:49:17.163792+00:00,N/A,Privilege Escalation,
2025-12-20 15:49:37.654812+00:00,N/A,Privilege Escalation,
2025-12-20 15:55:16.373482+00:00,N/A,Privilege Escalation,
2025-12-20 16:02:06.050095+00:00,N/A,Privilege Escalation,
2025-12-20 16:02:18.056381+00:00,N/A,Privilege Escalation,
2025-12-20 16:17:18.148045+00:00,N/A,Privilege Escalation,
2025-12-20 16:17:20.404764+00:00,N/A,Privilege Escalation,
2025-12-20 16:20:56.312912+00:00,N/A,Privilege Escalation,
2025-12-20 16:21:03.988161+00:00,N/A,Privilege Escalation,
2025-12-20 16:25:05.595819+00:00,N/A,Privilege Escalation,
2025-12-20 16:30:29.111616+00:00,N/A,Privilege Escalation,
2025-12-20 16:32:18.246754+00:00,N/A,Privilege Escalation,
2025-12-20 16:47:10.649046+00:00,N/A,Privilege Escalation,
2025-12-20 16:47:10.948391+00:00,N/A,Privilege Escalation,
2025-12-20 16:47:18.343714+00:00,N/A,Privilege Escalation,
2025-12-20 16:47:20.575014+00:00,N/A,Privilege Escalation,
2025-12-20 16:49:22.703817+00:00,N/A,Privilege Escalation,
2025-12-20 16:49:23.481937+00:00,N/A,Privilege Escalation,
2025-12-20 16:55:23.001928+00:00,N/A,Privilege Escalation,
2025-12-20 17:02:18.451136+00:00,N/A,Privilege Escalation,
2025-12-20 17:03:39.511333+00:00,N/A,Privilege Escalation,
2025-12-20 17:04:04.561056+00:00,N/A,Privilege Escalation,
2025-12-20 17:04:04.561060+00:00,N/A,Privilege Escalation,
2025-12-20 17:04:04.759247+00:00,N/A,Privilege Escalation,
2025-12-20 17:04:04.899641+00:00,N/A,Privilege Escalation,
2025-12-20 17:04:14.893559+00:00,N/A,Privilege Escalation,
2025-12-21 04:04:18.671146+00:00,N/A,Privilege Escalation,
2025-12-21 04:04:19.040945+00:00,N/A,Privilege Escalation,
2025-12-21 04:04:19.163891+00:00,N/A,Privilege Escalation,
2025-12-21 04:04:21.602140+00:00,N/A,Privilege Escalation,
2025-12-21 04:04:21.710295+00:00,N/A,Privilege Escalation,
2025-12-21 04:04:24.613230+00:00,N/A,Privilege Escalation,
2025-12-21 04:04:39.021219+00:00,N/A,Privilege Escalation,
2025-12-21 04:04:39.083662+00:00,N/A,Privilege Escalation,
2025-12-21 04:06:08.321905+00:00,N/A,Privilege Escalation,
2025-12-21 04:06:23.161667+00:00,N/A,Privilege Escalation,
2025-12-21 04:06:24.477125+00:00,N/A,Privilege Escalation,
2025-12-21 04:07:56.792517+00:00,N/A,Privilege Escalation,
2025-12-21 04:08:10.374853+00:00,N/A,Privilege Escalation,
2025-12-21 04:09:20.975636+00:00,N/A,Privilege Escalation,
2025-12-21 04:12:22.561846+00:00,N/A,Privilege Escalation,
2025-12-21 04:14:18.910429+00:00,N/A,Privilege Escalation,
2025-12-21 04:19:21.025372+00:00,N/A,Privilege Escalation,
2025-12-21 04:19:22.235132+00:00,N/A,Privilege Escalation,
2025-12-21 04:19:23.198809+00:00,N/A,Privilege Escalation,
2025-12-21 04:19:35.177717+00:00,N/A,Privilege Escalation,
2025-12-21 04:19:40.271458+00:00,N/A,Privilege Escalation,
2025-12-21 04:24:40.685434+00:00,N/A,Privilege Escalation,
2025-12-21 04:34:35.348608+00:00,N/A,Privilege Escalation,
2025-12-21 04:36:44.268553+00:00,N/A,Privilege Escalation,
2025-12-21 04:36:55.756950+00:00,N/A,Privilege Escalation,
2025-12-21 04:39:23.200830+00:00,N/A,Privilege Escalation,
2025-12-21 04:42:50.353596+00:00,N/A,Privilege Escalation,
2025-12-21 04:43:23.672962+00:00,N/A,Privilege Escalation,
2025-12-21 04:49:35.470676+00:00,N/A,Privilege Escalation,
2025-12-21 04:57:19.913084+00:00,N/A,Privilege Escalation,
2025-12-21 05:01:23.897232+00:00,N/A,Privilege Escalation,
2025-12-21 05:04:25.198269+00:00,N/A,Privilege Escalation,
2025-12-21 05:04:35.588146+00:00,N/A,Privilege Escalation,
2025-12-21 05:06:27.311787+00:00,N/A,Privilege Escalation,
2025-12-21 05:06:28.102802+00:00,N/A,Privilege Escalation,
2025-12-21 05:07:23.102127+00:00,N/A,Privilege Escalation,
2025-12-21 05:12:27.261221+00:00,N/A,Privilege Escalation,
2025-12-21 05:14:18.984550+00:00,N/A,Privilege Escalation,
2025-12-21 05:17:50.357689+00:00,N/A,Privilege Escalation,
2025-12-21 05:18:33.079657+00:00,N/A,Privilege Escalation,
2025-12-21 05:19:16.126785+00:00,N/A,Privilege Escalation,
2025-12-21 05:19:35.665276+00:00,N/A,Privilege Escalation,
2025-12-21 05:23:24.313440+00:00,N/A,Privilege Escalation,
2025-12-21 05:25:27.376329+00:00,N/A,Privilege Escalation,
2025-12-21 05:29:27.851400+00:00,N/A,Privilege Escalation,
2025-12-21 05:34:35.763884+00:00,N/A,Privilege Escalation,
2025-12-21 05:35:48.855331+00:00,N/A,Privilege Escalation,
2025-12-21 05:39:49.430576+00:00,N/A,Privilege Escalation,
2025-12-21 05:47:50.364960+00:00,N/A,Privilege Escalation,
2025-12-21 05:49:35.866467+00:00,N/A,Privilege Escalation,
2025-12-21 06:04:21.650690+00:00,N/A,Privilege Escalation,
2025-12-21 06:04:21.833981+00:00,N/A,Privilege Escalation,
2025-12-21 06:04:30.407625+00:00,N/A,Privilege Escalation,
2025-12-21 06:04:35.977041+00:00,N/A,Privilege Escalation,
2025-12-21 06:06:32.688974+00:00,N/A,Privilege Escalation,
2025-12-21 06:06:33.499166+00:00,N/A,Privilege Escalation,
2025-12-21 06:12:32.665680+00:00,N/A,Privilege Escalation,
2025-12-21 06:14:19.457294+00:00,N/A,Privilege Escalation,
2025-12-21 06:19:36.081081+00:00,N/A,Privilege Escalation,
2025-12-21 06:26:37.182896+00:00,N/A,Privilege Escalation,
2025-12-21 06:30:38.431711+00:00,N/A,Privilege Escalation,
2025-12-21 06:32:39.654978+00:00,N/A,Privilege Escalation,
2025-12-21 06:34:36.192490+00:00,N/A,Privilege Escalation,
2025-12-21 06:36:39.798412+00:00,N/A,Privilege Escalation,
2025-12-21 06:44:08.476780+00:00,N/A,Privilege Escalation,
2025-12-21 06:44:08.561195+00:00,N/A,Privilege Escalation,
2025-12-21 06:44:11.852634+00:00,N/A,Privilege Escalation,
2025-12-21 06:47:49.778681+00:00,N/A,Privilege Escalation,
2025-12-21 06:47:51.260483+00:00,N/A,Privilege Escalation,
2025-12-21 07:03:37.441755+00:00,N/A,Privilege Escalation,
2025-12-21 07:04:36.331652+00:00,N/A,Privilege Escalation,
2025-12-21 07:04:36.441193+00:00,N/A,Privilege Escalation,
2025-12-21 07:04:38.388515+00:00,N/A,Privilege Escalation,
2025-12-21 07:06:38.448261+00:00,N/A,Privilege Escalation,
2025-12-21 07:06:39.231245+00:00,N/A,Privilege Escalation,
2025-12-21 07:09:06.948824+00:00,N/A,Privilege Escalation,
2025-12-21 07:12:38.474989+00:00,N/A,Privilege Escalation,
2025-12-21 07:16:43.710974+00:00,N/A,Privilege Escalation,
2025-12-21 07:16:43.932625+00:00,N/A,Privilege Escalation,
2025-12-21 07:16:45.668972+00:00,N/A,Privilege Escalation,
2025-12-21 07:24:45.910439+00:00,N/A,Privilege Escalation,
2025-12-21 07:24:46.195623+00:00,N/A,Privilege Escalation,
2025-12-21 07:31:43.667856+00:00,N/A,Privilege Escalation,
2025-12-21 07:31:43.895855+00:00,N/A,Privilege Escalation,
2025-12-21 08:04:41.492384+00:00,N/A,Privilege Escalation,
2025-12-21 08:15:23.495277+00:00,N/A,Privilege Escalation,
2025-12-21 08:15:24.526434+00:00,N/A,Privilege Escalation,
2025-12-21 08:21:23.525505+00:00,N/A,Privilege Escalation,
2025-12-21 08:25:14.960423+00:00,N/A,Privilege Escalation,
2025-12-21 08:25:16.053303+00:00,N/A,Privilege Escalation,
2025-12-21 08:25:16.529474+00:00,N/A,Privilege Escalation,
2025-12-21 08:25:23.059652+00:00,N/A,Privilege Escalation,
2025-12-21 08:25:24.372101+00:00,N/A,Privilege Escalation,
2025-12-21 08:25:24.377930+00:00,N/A,Privilege Escalation,
2025-12-21 08:25:24.380154+00:00,N/A,Privilege Escalation,
2025-12-21 08:25:24.388231+00:00,N/A,Privilege Escalation,
2025-12-21 08:25:24.390045+00:00,N/A,Privilege Escalation,
2025-12-21 08:25:24.453415+00:00,N/A,Privilege Escalation,
2025-12-21 08:25:25.487730+00:00,N/A,Privilege Escalation,
2025-12-21 08:25:26.728033+00:00,N/A,Privilege Escalation,
2025-12-21 08:25:29.062366+00:00,N/A,Privilege Escalation,
2025-12-21 08:25:29.066780+00:00,N/A,Privilege Escalation,
2025-12-21 08:25:29.069637+00:00,N/A,Privilege Escalation,
2025-12-21 08:25:29.076262+00:00,N/A,Privilege Escalation,
2025-12-21 08:25:29.078276+00:00,N/A,Privilege Escalation,
2025-12-21 08:25:29.090000+00:00,N/A,Privilege Escalation,
2025-12-21 08:25:30.624813+00:00,N/A,Privilege Escalation,
2025-12-21 08:25:31.758957+00:00,N/A,Privilege Escalation,
2025-12-21 08:25:32.766359+00:00,N/A,Privilege Escalation,
2025-12-21 08:25:38.322861+00:00,N/A,Privilege Escalation,
2025-12-21 08:26:04.154587+00:00,N/A,Privilege Escalation,
2025-12-21 08:26:04.243200+00:00,N/A,Privilege Escalation,
2025-12-21 08:51:23.781685+00:00,N/A,Privilege Escalation,
2025-12-21 09:13:27.310560+00:00,N/A,Privilege Escalation,
2025-12-21 09:15:35.744335+00:00,N/A,Privilege Escalation,
2025-12-21 09:15:36.800026+00:00,N/A,Privilege Escalation,
2025-12-21 09:21:35.754072+00:00,N/A,Privilege Escalation,
2025-12-21 09:24:43.666693+00:00,N/A,Privilege Escalation,
2025-12-21 09:28:08.695766+00:00,N/A,Privilege Escalation,
2025-12-21 10:13:38.093374+00:00,N/A,Privilege Escalation,
2025-12-21 10:15:46.536182+00:00,N/A,Privilege Escalation,
2025-12-21 10:15:47.681448+00:00,N/A,Privilege Escalation,
2025-12-21 10:21:46.525190+00:00,N/A,Privilege Escalation,
2025-12-21 10:24:43.658981+00:00,N/A,Privilege Escalation,
2025-12-21 10:28:08.938980+00:00,N/A,Privilege Escalation,
2025-12-21 11:13:48.925611+00:00,N/A,Privilege Escalation,
2025-12-21 11:15:57.444496+00:00,N/A,Privilege Escalation,
2025-12-21 11:15:58.433952+00:00,N/A,Privilege Escalation,
2025-12-21 11:21:23.793718+00:00,N/A,Privilege Escalation,
2025-12-21 11:21:57.607924+00:00,N/A,Privilege Escalation,
2025-12-21 11:24:44.842758+00:00,N/A,Privilege Escalation,
2025-12-21 11:28:08.741724+00:00,N/A,Privilege Escalation,
2025-12-21 12:13:08.750626+00:00,N/A,Privilege Escalation,
2025-12-21 12:16:03.677286+00:00,N/A,Privilege Escalation,
2025-12-21 12:16:04.545279+00:00,N/A,Privilege Escalation,
2025-12-21 12:18:12.285864+00:00,N/A,Privilege Escalation,
2025-12-21 12:18:13.236647+00:00,N/A,Privilege Escalation,
2025-12-21 12:24:12.270527+00:00,N/A,Privilege Escalation,
2025-12-21 12:26:47.149666+00:00,N/A,Privilege Escalation,
2025-12-21 12:30:38.385765+00:00,N/A,Privilege Escalation,
2025-12-21 12:35:35.547504+00:00,N/A,Privilege Escalation,
2025-12-21 12:43:29.905886+00:00,N/A,Privilege Escalation,
2025-12-21 13:13:01.767273+00:00,N/A,Privilege Escalation,
2025-12-21 13:13:02.481865+00:00,N/A,Privilege Escalation,
2025-12-21 13:13:03.173870+00:00,N/A,Privilege Escalation,
2025-12-21 13:13:03.227858+00:00,N/A,Privilege Escalation,
2025-12-21 13:13:04.157791+00:00,N/A,Privilege Escalation,
2025-12-21 13:14:05.990387+00:00,N/A,Privilege Escalation,
2025-12-21 13:15:37.219498+00:00,N/A,Privilege Escalation,
2025-12-21 13:15:37.779648+00:00,N/A,Privilege Escalation,
2025-12-21 13:16:14.813887+00:00,N/A,Privilege Escalation,
2025-12-21 13:18:16.566406+00:00,N/A,Privilege Escalation,
2025-12-21 13:18:17.304604+00:00,N/A,Privilege Escalation,
2025-12-21 13:24:16.530495+00:00,N/A,Privilege Escalation,
2025-12-21 13:26:47.958069+00:00,N/A,Privilege Escalation,
2025-12-21 13:28:03.741064+00:00,N/A,Privilege Escalation,
2025-12-21 13:31:08.971945+00:00,N/A,Privilege Escalation,
2025-12-21 13:31:09.496090+00:00,N/A,Privilege Escalation,
2025-12-21 13:43:03.827095+00:00,N/A,Privilege Escalation,
2025-12-21 13:48:07.356039+00:00,N/A,Privilege Escalation,
2025-12-21 13:48:07.893564+00:00,N/A,Privilege Escalation,
2025-12-21 13:58:03.917456+00:00,N/A,Privilege Escalation,
2025-12-21 14:13:03.995394+00:00,N/A,Privilege Escalation,
2025-12-21 14:16:18.999454+00:00,N/A,Privilege Escalation,
2025-12-21 14:18:20.675390+00:00,N/A,Privilege Escalation,
2025-12-21 14:18:21.400421+00:00,N/A,Privilege Escalation,
2025-12-21 14:24:20.818752+00:00,N/A,Privilege Escalation,
2025-12-21 14:26:48.130911+00:00,N/A,Privilege Escalation,
2025-12-21 14:28:04.077038+00:00,N/A,Privilege Escalation,
2025-12-21 14:37:03.565821+00:00,N/A,Privilege Escalation,
2025-12-21 14:43:04.160353+00:00,N/A,Privilege Escalation,
2025-12-21 14:53:09.549173+00:00,N/A,Privilege Escalation,
2025-12-21 14:53:09.805828+00:00,N/A,Privilege Escalation,
2025-12-21 14:58:04.247387+00:00,N/A,Privilege Escalation,
2025-12-21 14:59:36.945602+00:00,N/A,Privilege Escalation,
2025-12-21 15:13:04.346003+00:00,N/A,Privilege Escalation,
2025-12-21 15:16:23.212555+00:00,N/A,Privilege Escalation,
2025-12-21 15:18:24.955784+00:00,N/A,Privilege Escalation,
2025-12-21 15:18:25.688757+00:00,N/A,Privilege Escalation,
2025-12-21 15:24:25.046780+00:00,N/A,Privilege Escalation,
2025-12-21 15:26:48.943676+00:00,N/A,Privilege Escalation,
2025-12-21 15:26:56.191641+00:00,N/A,Privilege Escalation,
2025-12-21 15:27:04.705111+00:00,N/A,Privilege Escalation,
2025-12-21 15:27:35.980890+00:00,N/A,Privilege Escalation,
2025-12-21 15:28:04.430815+00:00,N/A,Privilege Escalation,
2025-12-21 15:30:02.895178+00:00,N/A,Privilege Escalation,
2025-12-21 15:30:28.425467+00:00,N/A,Privilege Escalation,
2025-12-21 15:32:06.168383+00:00,N/A,Privilege Escalation,
2025-12-21 15:32:06.547159+00:00,N/A,Privilege Escalation,
2025-12-21 15:32:58.164825+00:00,N/A,Privilege Escalation,
2025-12-21 15:33:03.257353+00:00,N/A,Privilege Escalation,
2025-12-21 15:33:58.795702+00:00,N/A,Privilege Escalation,
2025-12-21 15:35:46.200525+00:00,N/A,Privilege Escalation,
2025-12-21 15:35:52.148470+00:00,N/A,Privilege Escalation,
2025-12-21 15:38:33.561502+00:00,N/A,Privilege Escalation,
2025-12-21 15:42:22.226461+00:00,N/A,Privilege Escalation,
2025-12-21 15:42:22.856075+00:00,N/A,Privilege Escalation,
2025-12-21 15:42:50.104162+00:00,N/A,Privilege Escalation,
2025-12-21 15:43:04.521053+00:00,N/A,Privilege Escalation,
2025-12-21 15:43:10.867287+00:00,N/A,Privilege Escalation,
2025-12-21 15:43:13.082487+00:00,N/A,Privilege Escalation,
2025-12-21 15:43:25.938538+00:00,N/A,Privilege Escalation,
2025-12-21 15:44:32.786087+00:00,N/A,Privilege Escalation,
2025-12-21 15:44:33.412291+00:00,N/A,Privilege Escalation,
2025-12-21 15:44:37.667902+00:00,N/A,Privilege Escalation,
2025-12-21 15:45:48.046492+00:00,N/A,Privilege Escalation,
2025-12-21 15:47:17.900408+00:00,N/A,Privilege Escalation,
2025-12-21 15:49:34.221674+00:00,N/A,Privilege Escalation,
2025-12-21 15:51:27.976614+00:00,N/A,Privilege Escalation,
2025-12-21 15:52:29.733648+00:00,N/A,Privilege Escalation,
2025-12-21 15:53:32.877262+00:00,N/A,Privilege Escalation,
2025-12-21 15:55:33.022402+00:00,N/A,Privilege Escalation,
2025-12-21 15:57:17.983929+00:00,N/A,Privilege Escalation,
2025-12-21 15:58:04.613039+00:00,N/A,Privilege Escalation,
2025-12-21 16:00:07.609211+00:00,N/A,Privilege Escalation,
2025-12-21 16:01:22.786610+00:00,N/A,Privilege Escalation,
2025-12-21 16:01:24.033077+00:00,N/A,Privilege Escalation,
2025-12-21 16:03:29.903088+00:00,N/A,Privilege Escalation,
2025-12-21 16:09:09.109098+00:00,N/A,Privilege Escalation,
2025-12-21 16:13:04.722992+00:00,N/A,Privilege Escalation,
2025-12-21 16:13:37.616896+00:00,N/A,Privilege Escalation,
2025-12-21 16:15:12.926205+00:00,N/A,Privilege Escalation,
2025-12-21 16:16:27.606203+00:00,N/A,Privilege Escalation,
2025-12-21 16:16:59.903074+00:00,N/A,Privilege Escalation,
2025-12-21 16:18:29.639786+00:00,N/A,Privilege Escalation,
2025-12-21 16:18:30.402220+00:00,N/A,Privilege Escalation,
2025-12-21 16:18:40.264236+00:00,N/A,Privilege Escalation,
2025-12-21 16:19:33.229069+00:00,N/A,Privilege Escalation,
2025-12-21 16:20:53.757437+00:00,N/A,Privilege Escalation,
2025-12-21 16:24:28.449009+00:00,N/A,Privilege Escalation,
2025-12-21 16:24:29.977724+00:00,N/A,Privilege Escalation,
2025-12-21 16:26:01.366388+00:00,N/A,Privilege Escalation,
2025-12-21 16:26:05.673994+00:00,N/A,Privilege Escalation,
2025-12-21 16:30:59.507555+00:00,N/A,Privilege Escalation,
2025-12-21 16:32:46.959393+00:00,N/A,Privilege Escalation,
2025-12-21 16:32:47.920265+00:00,N/A,Privilege Escalation,
2025-12-21 16:41:05.888689+00:00,N/A,Privilege Escalation,
2025-12-21 16:44:38.788452+00:00,N/A,Privilege Escalation,
2025-12-21 16:45:49.700758+00:00,N/A,Privilege Escalation,
2025-12-21 16:46:19.811743+00:00,N/A,Privilege Escalation,
2025-12-21 16:46:48.242731+00:00,N/A,Privilege Escalation,
2025-12-21 16:46:48.665924+00:00,N/A,Privilege Escalation,
2025-12-21 16:46:55.872396+00:00,N/A,Privilege Escalation,
2025-12-21 16:48:06.442181+00:00,N/A,Privilege Escalation,
2025-12-21 16:56:06.114275+00:00,N/A,Privilege Escalation,
2025-12-21 16:58:29.919489+00:00,N/A,Privilege Escalation,
2025-12-21 17:00:46.364763+00:00,N/A,Privilege Escalation,
2025-12-21 17:02:40.008163+00:00,N/A,Privilege Escalation,
2025-12-21 17:02:40.008163+00:00,N/A,Privilege Escalation,
2025-12-21 17:02:40.538134+00:00,N/A,Privilege Escalation,
2025-12-21 17:02:41.033455+00:00,N/A,Privilege Escalation,
2025-12-21 17:02:53.029423+00:00,N/A,Privilege Escalation,
2025-12-21 17:03:03.733486+00:00,N/A,Privilege Escalation,
2025-12-22 09:41:19.294586+00:00,N/A,Privilege Escalation,
2025-12-22 09:41:19.356470+00:00,N/A,Privilege Escalation,
2025-12-22 09:41:21.817444+00:00,N/A,Privilege Escalation,
2025-12-22 09:41:22.142864+00:00,N/A,Privilege Escalation,
2025-12-22 09:41:30.128452+00:00,N/A,Privilege Escalation,
2025-12-22 09:41:30.187277+00:00,N/A,Privilege Escalation,
2025-12-22 09:43:23.122066+00:00,N/A,Privilege Escalation,
2025-12-22 09:43:24.217751+00:00,N/A,Privilege Escalation,
2025-12-22 09:45:08.505541+00:00,N/A,Privilege Escalation,
2025-12-22 09:45:22.708021+00:00,N/A,Privilege Escalation,
2025-12-22 09:46:21.142942+00:00,N/A,Privilege Escalation,
2025-12-22 09:47:20.340618+00:00,N/A,Privilege Escalation,
2025-12-22 09:47:21.565248+00:00,N/A,Privilege Escalation,
2025-12-22 09:47:21.578026+00:00,N/A,Privilege Escalation,
2025-12-22 09:47:21.581049+00:00,N/A,Privilege Escalation,
2025-12-22 09:47:21.591314+00:00,N/A,Privilege Escalation,
2025-12-22 09:47:21.593863+00:00,N/A,Privilege Escalation,
2025-12-22 09:47:21.622646+00:00,N/A,Privilege Escalation,
2025-12-22 09:47:22.324430+00:00,N/A,Privilege Escalation,
2025-12-22 09:47:22.964121+00:00,N/A,Privilege Escalation,
2025-12-22 09:47:24.990828+00:00,N/A,Privilege Escalation,
2025-12-22 09:47:25.105814+00:00,N/A,Privilege Escalation,
2025-12-22 09:47:25.820816+00:00,N/A,Privilege Escalation,
2025-12-22 09:47:25.832535+00:00,N/A,Privilege Escalation,
2025-12-22 09:47:25.835491+00:00,N/A,Privilege Escalation,
2025-12-22 09:47:25.841475+00:00,N/A,Privilege Escalation,
2025-12-22 09:47:25.843000+00:00,N/A,Privilege Escalation,
2025-12-22 09:47:25.857771+00:00,N/A,Privilege Escalation,
2025-12-22 09:47:26.424999+00:00,N/A,Privilege Escalation,
2025-12-22 09:47:27.021906+00:00,N/A,Privilege Escalation,
2025-12-22 09:49:23.173101+00:00,N/A,Privilege Escalation,
2025-12-22 09:51:59.298744+00:00,N/A,Privilege Escalation,
2025-12-22 09:54:30.232862+00:00,N/A,Privilege Escalation,
2025-12-22 09:55:01.187973+00:00,N/A,Privilege Escalation,
2025-12-22 09:55:02.868780+00:00,N/A,Privilege Escalation,
2025-12-22 09:55:03.912958+00:00,N/A,Privilege Escalation,
2025-12-22 09:55:28.413483+00:00,N/A,Privilege Escalation,
2025-12-22 09:56:20.400818+00:00,N/A,Privilege Escalation,
2025-12-22 10:06:51.746065+00:00,N/A,Privilege Escalation,
2025-12-22 10:08:28.837139+00:00,N/A,Privilege Escalation,
2025-12-22 10:11:36.088545+00:00,N/A,Privilege Escalation,
2025-12-22 10:26:36.191236+00:00,N/A,Privilege Escalation,
2025-12-22 10:41:27.051693+00:00,N/A,Privilege Escalation,
2025-12-22 10:41:36.290606+00:00,N/A,Privilege Escalation,
2025-12-22 10:43:29.119987+00:00,N/A,Privilege Escalation,
2025-12-22 10:43:29.862516+00:00,N/A,Privilege Escalation,
2025-12-22 10:49:29.029573+00:00,N/A,Privilege Escalation,
2025-12-22 10:54:30.242712+00:00,N/A,Privilege Escalation,
2025-12-22 10:56:36.411177+00:00,N/A,Privilege Escalation,
2025-12-22 11:11:36.498447+00:00,N/A,Privilege Escalation,
2025-12-22 11:19:32.241661+00:00,N/A,Privilege Escalation,
2025-12-22 11:19:32.579290+00:00,N/A,Privilege Escalation,
2025-12-22 11:19:34.657522+00:00,N/A,Privilege Escalation,
2025-12-22 11:22:38.995686+00:00,N/A,Privilege Escalation,
2025-12-22 11:26:36.601885+00:00,N/A,Privilege Escalation,
2025-12-22 11:41:21.760139+00:00,N/A,Privilege Escalation,
2025-12-22 11:41:21.921661+00:00,N/A,Privilege Escalation,
2025-12-22 11:41:32.025730+00:00,N/A,Privilege Escalation,
2025-12-22 11:41:36.704466+00:00,N/A,Privilege Escalation,
2025-12-22 11:42:27.670179+00:00,N/A,Privilege Escalation,
2025-12-22 11:43:34.108351+00:00,N/A,Privilege Escalation,
2025-12-22 11:43:34.868170+00:00,N/A,Privilege Escalation,
2025-12-22 11:49:34.026909+00:00,N/A,Privilege Escalation,
2025-12-22 11:54:30.203196+00:00,N/A,Privilege Escalation,
2025-12-22 11:56:36.806004+00:00,N/A,Privilege Escalation,
2025-12-22 12:11:36.905067+00:00,N/A,Privilege Escalation,
2025-12-22 12:26:36.996595+00:00,N/A,Privilege Escalation,
2025-12-22 12:36:42.542820+00:00,N/A,Privilege Escalation,
2025-12-22 12:41:36.605654+00:00,N/A,Privilege Escalation,
2025-12-22 12:41:37.082283+00:00,N/A,Privilege Escalation,
2025-12-22 12:43:38.464930+00:00,N/A,Privilege Escalation,
2025-12-22 12:43:39.204435+00:00,N/A,Privilege Escalation,
2025-12-22 12:49:38.545448+00:00,N/A,Privilege Escalation,
2025-12-22 12:50:30.405666+00:00,N/A,Privilege Escalation,
2025-12-22 12:54:30.421537+00:00,N/A,Privilege Escalation,
2025-12-22 13:05:30.031939+00:00,N/A,Privilege Escalation,
2025-12-22 13:05:30.191858+00:00,N/A,Privilege Escalation,
2025-12-22 13:23:25.894226+00:00,N/A,Privilege Escalation,
2025-12-22 13:25:13.467760+00:00,N/A,Privilege Escalation,
2025-12-22 13:31:42.494806+00:00,N/A,Privilege Escalation,
2025-12-22 13:41:41.345642+00:00,N/A,Privilege Escalation,
2025-12-22 13:41:42.474623+00:00,N/A,Privilege Escalation,
2025-12-22 13:43:49.925819+00:00,N/A,Privilege Escalation,
2025-12-22 13:43:50.912800+00:00,N/A,Privilege Escalation,
2025-12-22 13:49:49.774639+00:00,N/A,Privilege Escalation,
2025-12-22 14:08:55.482292+00:00,N/A,Privilege Escalation,
2025-12-22 14:23:25.148680+00:00,N/A,Privilege Escalation,
2025-12-22 14:41:53.019423+00:00,N/A,Privilege Escalation,
2025-12-22 14:44:01.412199+00:00,N/A,Privilege Escalation,
2025-12-22 14:44:02.518438+00:00,N/A,Privilege Escalation,
2025-12-22 14:50:01.588873+00:00,N/A,Privilege Escalation,
2025-12-22 14:51:42.584499+00:00,N/A,Privilege Escalation,
2025-12-22 15:08:56.260916+00:00,N/A,Privilege Escalation,
2025-12-22 15:23:25.207275+00:00,N/A,Privilege Escalation,
2025-12-22 15:51:27.176167+00:00,N/A,Privilege Escalation,
2025-12-22 15:51:27.737297+00:00,N/A,Privilege Escalation,
2025-12-22 15:51:28.127350+00:00,N/A,Privilege Escalation,
2025-12-22 15:51:29.534742+00:00,N/A,Privilege Escalation,
2025-12-22 15:51:39.913651+00:00,N/A,Privilege Escalation,
2025-12-22 15:51:41.782927+00:00,N/A,Privilege Escalation,
2025-12-22 15:52:29.030415+00:00,N/A,Privilege Escalation,
2025-12-22 15:52:55.521677+00:00,N/A,Privilege Escalation,
2025-12-22 15:53:30.102879+00:00,N/A,Privilege Escalation,
2025-12-22 15:53:30.861458+00:00,N/A,Privilege Escalation,
2025-12-22 15:53:59.557747+00:00,N/A,Privilege Escalation,
2025-12-22 15:59:30.038870+00:00,N/A,Privilege Escalation,
2025-12-22 16:00:17.626293+00:00,N/A,Privilege Escalation,
2025-12-22 16:00:23.862759+00:00,N/A,Privilege Escalation,
2025-12-22 16:00:24.021528+00:00,N/A,Privilege Escalation,
2025-12-22 16:01:08.934757+00:00,N/A,Privilege Escalation,
2025-12-22 16:05:53.918680+00:00,N/A,Privilege Escalation,
2025-12-22 16:05:54.313053+00:00,N/A,Privilege Escalation,
2025-12-22 16:08:46.123110+00:00,N/A,Privilege Escalation,
2025-12-22 16:08:46.201487+00:00,N/A,Privilege Escalation,
2025-12-22 16:13:43.595482+00:00,N/A,Privilege Escalation,
2025-12-22 16:13:49.817627+00:00,N/A,Privilege Escalation,
2025-12-22 16:14:29.129408+00:00,N/A,Privilege Escalation,
2025-12-22 16:16:42.450365+00:00,N/A,Privilege Escalation,
2025-12-22 16:19:08.283941+00:00,N/A,Privilege Escalation,
2025-12-22 16:19:12.052210+00:00,N/A,Privilege Escalation,
2025-12-22 16:19:12.950222+00:00,N/A,Privilege Escalation,
2025-12-22 16:24:30.189047+00:00,N/A,Privilege Escalation,
2025-12-22 16:36:07.320887+00:00,N/A,Privilege Escalation,
2025-12-22 16:36:29.563633+00:00,N/A,Privilege Escalation,
2025-12-22 16:51:29.666849+00:00,N/A,Privilege Escalation,
2025-12-22 16:51:34.267315+00:00,N/A,Privilege Escalation,
2025-12-22 16:53:36.763266+00:00,N/A,Privilege Escalation,
2025-12-22 16:53:37.652674+00:00,N/A,Privilege Escalation,
2025-12-22 16:59:27.445103+00:00,N/A,Privilege Escalation,
2025-12-22 16:59:31.512606+00:00,N/A,Privilege Escalation,
2025-12-22 16:59:36.864807+00:00,N/A,Privilege Escalation,
2025-12-22 17:06:29.792898+00:00,N/A,Privilege Escalation,
2025-12-22 17:14:40.409473+00:00,N/A,Privilege Escalation,
2025-12-22 17:21:29.968506+00:00,N/A,Privilege Escalation,
2025-12-22 17:28:38.320995+00:00,N/A,Privilege Escalation,
2025-12-22 17:36:30.125868+00:00,N/A,Privilege Escalation,
2025-12-22 17:43:18.456999+00:00,N/A,Privilege Escalation,
2025-12-22 17:44:37.354496+00:00,N/A,Privilege Escalation,
2025-12-22 17:51:30.253111+00:00,N/A,Privilege Escalation,
2025-12-22 17:51:40.865648+00:00,N/A,Privilege Escalation,
2025-12-22 17:53:43.891546+00:00,N/A,Privilege Escalation,
2025-12-22 17:53:45.081896+00:00,N/A,Privilege Escalation,
2025-12-22 17:59:43.622179+00:00,N/A,Privilege Escalation,
2025-12-22 18:01:58.658981+00:00,N/A,Privilege Escalation,
2025-12-22 18:06:30.373175+00:00,N/A,Privilege Escalation,
2025-12-22 18:11:11.756790+00:00,N/A,Privilege Escalation,
2025-12-22 18:11:11.756792+00:00,N/A,Privilege Escalation,
2025-12-22 18:11:12.136669+00:00,N/A,Privilege Escalation,
2025-12-22 18:11:12.601538+00:00,N/A,Privilege Escalation,
2025-12-22 18:11:20.956007+00:00,N/A,Privilege Escalation,
2025-12-23 03:22:27.207682+00:00,N/A,Privilege Escalation,
2025-12-23 03:22:28.379042+00:00,N/A,Privilege Escalation,
2025-12-23 03:22:29.195787+00:00,N/A,Privilege Escalation,
2025-12-23 03:22:29.400988+00:00,N/A,Privilege Escalation,
2025-12-23 03:22:31.548677+00:00,N/A,Privilege Escalation,
2025-12-23 03:22:32.947367+00:00,N/A,Privilege Escalation,
2025-12-23 03:22:34.755619+00:00,N/A,Privilege Escalation,
2025-12-23 03:24:18.910368+00:00,N/A,Privilege Escalation,
2025-12-23 03:24:31.915842+00:00,N/A,Privilege Escalation,
2025-12-23 03:24:34.230305+00:00,N/A,Privilege Escalation,
2025-12-23 03:27:23.415955+00:00,N/A,Privilege Escalation,
2025-12-23 03:27:31.168333+00:00,N/A,Privilege Escalation,
2025-12-23 03:27:32.880619+00:00,N/A,Privilege Escalation,
2025-12-23 03:28:27.137512+00:00,N/A,Privilege Escalation,
2025-12-23 03:28:30.494415+00:00,N/A,Privilege Escalation,
2025-12-23 03:30:31.304256+00:00,N/A,Privilege Escalation,
2025-12-23 03:37:27.856812+00:00,N/A,Privilege Escalation,
2025-12-23 03:37:30.174744+00:00,N/A,Privilege Escalation,
2025-12-23 03:37:31.128038+00:00,N/A,Privilege Escalation,
2025-12-23 03:37:41.792891+00:00,N/A,Privilege Escalation,
2025-12-23 03:41:47.999128+00:00,N/A,Privilege Escalation,
2025-12-23 03:47:19.923981+00:00,N/A,Privilege Escalation,
2025-12-23 03:52:41.942562+00:00,N/A,Privilege Escalation,
2025-12-23 04:00:30.253290+00:00,N/A,Privilege Escalation,
2025-12-23 04:05:03.171741+00:00,N/A,Privilege Escalation,
2025-12-23 04:05:03.690348+00:00,N/A,Privilege Escalation,
2025-12-23 04:05:39.191376+00:00,N/A,Privilege Escalation,
2025-12-23 04:18:34.256584+00:00,N/A,Privilege Escalation,
2025-12-23 04:18:35.592045+00:00,N/A,Privilege Escalation,
2025-12-23 04:18:37.176954+00:00,N/A,Privilege Escalation,
2025-12-23 04:18:47.335842+00:00,N/A,Privilege Escalation,
2025-12-23 04:21:08.875984+00:00,N/A,Privilege Escalation,
2025-12-23 04:22:33.147152+00:00,N/A,Privilege Escalation,
2025-12-23 04:24:35.487289+00:00,N/A,Privilege Escalation,
2025-12-23 04:24:36.316467+00:00,N/A,Privilege Escalation,
2025-12-23 04:30:35.582323+00:00,N/A,Privilege Escalation,
2025-12-23 04:32:36.699387+00:00,N/A,Privilege Escalation,
2025-12-23 04:36:42.943678+00:00,N/A,Privilege Escalation,
2025-12-23 04:37:10.016760+00:00,N/A,Privilege Escalation,
2025-12-23 04:37:10.016762+00:00,N/A,Privilege Escalation,
2025-12-23 04:37:10.333319+00:00,N/A,Privilege Escalation,
2025-12-23 04:37:10.768740+00:00,N/A,Privilege Escalation,
2025-12-23 04:37:11.007206+00:00,N/A,Privilege Escalation,
2025-12-23 15:48:30.368818+00:00,N/A,Privilege Escalation,
2025-12-23 15:48:30.383442+00:00,N/A,Privilege Escalation,
2025-12-23 15:48:30.448757+00:00,N/A,Privilege Escalation,
2025-12-23 15:48:30.496592+00:00,N/A,Privilege Escalation,
2025-12-23 15:48:30.592176+00:00,N/A,Privilege Escalation,
2025-12-23 15:48:30.592178+00:00,N/A,Privilege Escalation,
2025-12-23 15:48:30.644470+00:00,N/A,Privilege Escalation,
2025-12-23 15:48:30.644537+00:00,N/A,Privilege Escalation,
2025-12-23 15:48:30.645025+00:00,N/A,Privilege Escalation,
2025-12-23 15:48:30.676004+00:00,N/A,Privilege Escalation,
2025-12-23 15:48:30.683329+00:00,N/A,Privilege Escalation,
2025-12-23 15:48:30.703554+00:00,N/A,Privilege Escalation,
2025-12-23 15:48:30.709028+00:00,N/A,Privilege Escalation,
2025-12-23 15:48:30.710230+00:00,N/A,Privilege Escalation,
2025-12-23 15:48:30.711430+00:00,N/A,Privilege Escalation,
2025-12-23 15:48:30.749723+00:00,N/A,Privilege Escalation,
2025-12-23 15:48:30.759514+00:00,N/A,Privilege Escalation,
2025-12-23 15:48:30.809944+00:00,N/A,Privilege Escalation,
2025-12-23 15:48:30.851524+00:00,N/A,Privilege Escalation,
2025-12-23 15:48:30.941454+00:00,N/A,Privilege Escalation,
2025-12-23 15:48:30.941612+00:00,N/A,Privilege Escalation,
2025-12-23 15:48:30.969471+00:00,N/A,Privilege Escalation,
2025-12-23 15:48:30.986408+00:00,N/A,Privilege Escalation,
2025-12-23 15:48:31.178524+00:00,N/A,Privilege Escalation,
2025-12-23 15:48:31.243731+00:00,N/A,Privilege Escalation,
2025-12-23 15:48:31.563210+00:00,N/A,Privilege Escalation,
2025-12-23 15:48:33.081629+00:00,N/A,Privilege Escalation,
2025-12-23 15:48:33.120234+00:00,N/A,Privilege Escalation,
2025-12-23 15:48:33.121754+00:00,N/A,Privilege Escalation,
2025-12-23 15:48:33.122066+00:00,N/A,Privilege Escalation,
2025-12-23 15:48:33.173531+00:00,N/A,Privilege Escalation,
2025-12-23 15:48:33.313717+00:00,N/A,Privilege Escalation,
2025-12-23 15:48:33.323977+00:00,N/A,Privilege Escalation,
2025-12-23 15:48:33.378899+00:00,N/A,Privilege Escalation,
2025-12-23 15:48:33.488678+00:00,N/A,Privilege Escalation,
2025-12-23 15:48:33.528446+00:00,N/A,Privilege Escalation,
2025-12-23 15:48:33.528452+00:00,N/A,Privilege Escalation,
2025-12-23 15:48:33.554848+00:00,N/A,Privilege Escalation,
2025-12-23 15:48:33.634159+00:00,N/A,Privilege Escalation,
2025-12-23 15:48:33.641798+00:00,N/A,Privilege Escalation,
2025-12-23 15:48:33.658466+00:00,N/A,Privilege Escalation,
2025-12-23 15:48:33.659330+00:00,N/A,Privilege Escalation,
2025-12-23 15:48:33.674597+00:00,N/A,Privilege Escalation,
2025-12-23 15:48:33.706284+00:00,N/A,Privilege Escalation,
2025-12-23 15:48:36.718081+00:00,N/A,Privilege Escalation,
2025-12-23 15:48:37.111134+00:00,N/A,Privilege Escalation,
2025-12-23 15:48:37.398766+00:00,N/A,Privilege Escalation,
2025-12-23 15:48:37.398861+00:00,N/A,Privilege Escalation,
2025-12-23 15:48:37.398912+00:00,N/A,Privilege Escalation,
2025-12-23 15:48:37.778517+00:00,N/A,Privilege Escalation,
2025-12-23 15:48:37.905510+00:00,N/A,Privilege Escalation,
2025-12-23 15:48:38.401920+00:00,N/A,Privilege Escalation,
2025-12-23 15:48:38.773506+00:00,N/A,Privilege Escalation,
2025-12-23 15:48:39.010147+00:00,N/A,Privilege Escalation,
2025-12-23 15:48:39.545467+00:00,N/A,Privilege Escalation,
2025-12-23 15:48:39.549324+00:00,N/A,Privilege Escalation,
2025-12-23 15:48:39.574295+00:00,N/A,Privilege Escalation,
2025-12-23 15:48:39.718130+00:00,N/A,Privilege Escalation,
2025-12-23 15:48:39.738161+00:00,N/A,Privilege Escalation,
2025-12-23 15:48:40.180506+00:00,N/A,Privilege Escalation,
2025-12-23 15:48:40.273914+00:00,N/A,Privilege Escalation,
2025-12-23 15:48:41.923786+00:00,N/A,Privilege Escalation,
2025-12-23 15:48:44.969881+00:00,N/A,Privilege Escalation,
2025-12-23 15:48:45.907614+00:00,N/A,Privilege Escalation,
2025-12-23 15:49:12.603901+00:00,N/A,Privilege Escalation,
2025-12-23 15:49:12.935764+00:00,N/A,Privilege Escalation,
2025-12-23 15:49:45.423708+00:00,N/A,Privilege Escalation,
2025-12-23 15:49:45.669947+00:00,N/A,Privilege Escalation,
2025-12-23 15:50:21.332523+00:00,N/A,Privilege Escalation,
2025-12-23 15:50:27.673761+00:00,N/A,Privilege Escalation,
2025-12-23 15:50:28.665710+00:00,N/A,Privilege Escalation,
2025-12-23 15:50:37.798351+00:00,N/A,Privilege Escalation,
2025-12-23 15:50:38.144312+00:00,N/A,Privilege Escalation,
2025-12-23 15:50:41.403570+00:00,N/A,Privilege Escalation,
2025-12-23 15:50:42.548372+00:00,N/A,Privilege Escalation,
2025-12-23 15:51:31.080734+00:00,N/A,Privilege Escalation,
2025-12-23 15:51:42.061781+00:00,N/A,Privilege Escalation,
2025-12-23 15:53:38.443647+00:00,N/A,Privilege Escalation,
2025-12-23 15:54:14.919207+00:00,N/A,Privilege Escalation,
2025-12-23 15:54:17.349861+00:00,N/A,Privilege Escalation,
2025-12-23 15:58:29.756948+00:00,N/A,Privilege Escalation,
2025-12-23 15:58:29.838121+00:00,N/A,Privilege Escalation,
2025-12-23 15:58:30.414312+00:00,N/A,Privilege Escalation,
2025-12-23 15:58:30.421144+00:00,N/A,Privilege Escalation,
2025-12-23 15:58:30.424212+00:00,N/A,Privilege Escalation,
2025-12-23 15:58:30.431581+00:00,N/A,Privilege Escalation,
2025-12-23 15:58:30.434011+00:00,N/A,Privilege Escalation,
2025-12-23 15:58:30.455494+00:00,N/A,Privilege Escalation,
2025-12-23 15:58:36.981245+00:00,N/A,Privilege Escalation,
2025-12-23 15:59:14.189451+00:00,N/A,Privilege Escalation,
2025-12-23 15:59:15.825960+00:00,N/A,Privilege Escalation,
2025-12-23 15:59:15.831892+00:00,N/A,Privilege Escalation,
2025-12-23 15:59:15.835224+00:00,N/A,Privilege Escalation,
2025-12-23 15:59:15.843742+00:00,N/A,Privilege Escalation,
2025-12-23 15:59:15.847193+00:00,N/A,Privilege Escalation,
2025-12-23 15:59:15.885435+00:00,N/A,Privilege Escalation,
2025-12-23 15:59:19.041500+00:00,N/A,Privilege Escalation,
2025-12-23 15:59:19.285032+00:00,N/A,Privilege Escalation,
2025-12-23 15:59:20.553778+00:00,N/A,Privilege Escalation,
2025-12-23 15:59:48.171780+00:00,N/A,Privilege Escalation,
2025-12-23 16:00:08.394192+00:00,N/A,Privilege Escalation,
2025-12-23 16:01:32.207201+00:00,N/A,Privilege Escalation,
2025-12-23 16:02:24.812050+00:00,N/A,Privilege Escalation,
2025-12-23 16:02:24.975014+00:00,N/A,Privilege Escalation,
2025-12-23 16:03:00.588142+00:00,N/A,Privilege Escalation,
2025-12-23 16:03:55.656796+00:00,N/A,Privilege Escalation,
2025-12-23 16:04:41.124336+00:00,N/A,Privilege Escalation,
2025-12-23 16:07:10.229080+00:00,N/A,Privilege Escalation,
2025-12-23 16:08:21.853670+00:00,N/A,Privilege Escalation,
2025-12-23 16:08:21.853674+00:00,N/A,Privilege Escalation,
2025-12-23 16:08:22.023510+00:00,N/A,Privilege Escalation,
2025-12-24 08:26:53.206327+00:00,N/A,Privilege Escalation,
2025-12-24 08:26:53.508095+00:00,N/A,Privilege Escalation,
2025-12-24 08:26:54.748755+00:00,N/A,Privilege Escalation,
2025-12-24 08:26:54.991463+00:00,N/A,Privilege Escalation,
2025-12-24 08:26:56.542263+00:00,N/A,Privilege Escalation,
2025-12-24 08:27:03.412756+00:00,N/A,Privilege Escalation,
2025-12-24 08:27:15.061369+00:00,N/A,Privilege Escalation,
2025-12-24 08:27:15.122244+00:00,N/A,Privilege Escalation,
2025-12-24 08:28:05.093775+00:00,N/A,Privilege Escalation,
2025-12-24 08:29:00.726942+00:00,N/A,Privilege Escalation,
2025-12-24 08:29:02.198002+00:00,N/A,Privilege Escalation,
2025-12-24 08:31:04.576368+00:00,N/A,Privilege Escalation,
2025-12-24 08:31:56.577333+00:00,N/A,Privilege Escalation,
2025-12-24 08:32:54.629194+00:00,N/A,Privilege Escalation,
2025-12-24 08:32:55.908043+00:00,N/A,Privilege Escalation,
2025-12-24 08:32:55.914045+00:00,N/A,Privilege Escalation,
2025-12-24 08:32:55.917263+00:00,N/A,Privilege Escalation,
2025-12-24 08:32:55.924438+00:00,N/A,Privilege Escalation,
2025-12-24 08:32:55.927290+00:00,N/A,Privilege Escalation,
2025-12-24 08:32:55.951530+00:00,N/A,Privilege Escalation,
2025-12-24 08:32:56.695717+00:00,N/A,Privilege Escalation,
2025-12-24 08:32:57.460602+00:00,N/A,Privilege Escalation,
2025-12-24 08:32:57.928474+00:00,N/A,Privilege Escalation,
2025-12-24 08:32:58.733871+00:00,N/A,Privilege Escalation,
2025-12-24 08:32:58.739714+00:00,N/A,Privilege Escalation,
2025-12-24 08:32:58.742115+00:00,N/A,Privilege Escalation,
2025-12-24 08:32:58.747564+00:00,N/A,Privilege Escalation,
2025-12-24 08:32:58.749746+00:00,N/A,Privilege Escalation,
2025-12-24 08:32:58.761005+00:00,N/A,Privilege Escalation,
2025-12-24 08:32:59.332348+00:00,N/A,Privilege Escalation,
2025-12-24 08:32:59.987679+00:00,N/A,Privilege Escalation,
2025-12-24 08:33:07.111031+00:00,N/A,Privilege Escalation,
2025-12-24 08:35:00.798540+00:00,N/A,Privilege Escalation,
2025-12-24 08:35:25.355490+00:00,N/A,Privilege Escalation,
2025-12-24 08:36:36.179163+00:00,N/A,Privilege Escalation,
2025-12-24 08:36:46.317286+00:00,N/A,Privilege Escalation,
2025-12-24 08:36:46.835335+00:00,N/A,Privilege Escalation,
2025-12-24 08:36:50.636326+00:00,N/A,Privilege Escalation,
2025-12-24 08:37:08.251490+00:00,N/A,Privilege Escalation,
2025-12-24 08:37:13.099676+00:00,N/A,Privilege Escalation,
2025-12-24 08:41:56.666414+00:00,N/A,Privilege Escalation,
2025-12-24 08:41:57.556000+00:00,N/A,Privilege Escalation,
2025-12-24 08:43:01.658194+00:00,N/A,Privilege Escalation,
2025-12-24 08:52:54.782993+00:00,N/A,Privilege Escalation,
2025-12-24 08:57:08.105610+00:00,N/A,Privilege Escalation,
2025-12-24 09:02:12.906767+00:00,N/A,Privilege Escalation,
2025-12-24 09:02:13.027342+00:00,N/A,Privilege Escalation,
2025-12-24 09:02:14.182869+00:00,N/A,Privilege Escalation,
2025-12-24 09:02:14.488344+00:00,N/A,Privilege Escalation,
2025-12-24 09:27:13.252981+00:00,N/A,Privilege Escalation,
2025-12-24 09:27:14.314201+00:00,N/A,Privilege Escalation,
2025-12-24 10:58:55.842453+00:00,N/A,Privilege Escalation,
2025-12-24 10:58:55.897554+00:00,N/A,Privilege Escalation,
2025-12-24 10:58:56.305258+00:00,N/A,Privilege Escalation,
2025-12-24 12:58:34.932550+00:00,N/A,Privilege Escalation,
2025-12-24 12:59:48.167131+00:00,N/A,Privilege Escalation,
2025-12-24 12:59:51.161667+00:00,N/A,Privilege Escalation,
2025-12-24 13:00:12.666933+00:00,N/A,Privilege Escalation,
2025-12-24 13:00:13.727312+00:00,N/A,Privilege Escalation,
2025-12-24 13:04:31.999426+00:00,N/A,Privilege Escalation,
2025-12-24 13:06:12.247843+00:00,N/A,Privilege Escalation,
2025-12-24 13:08:46.682566+00:00,N/A,Privilege Escalation,
2025-12-24 13:08:47.029654+00:00,N/A,Privilege Escalation,
2025-12-24 13:13:00.772804+00:00,N/A,Privilege Escalation,
2025-12-24 13:13:12.740709+00:00,N/A,Privilege Escalation,
2025-12-24 13:14:31.781431+00:00,N/A,Privilege Escalation,
2025-12-24 13:14:32.568214+00:00,N/A,Privilege Escalation,
2025-12-24 13:23:07.178526+00:00,N/A,Privilege Escalation,
2025-12-24 13:23:07.291084+00:00,N/A,Privilege Escalation,
2025-12-24 13:23:29.149387+00:00,N/A,Privilege Escalation,
2025-12-24 13:24:16.582340+00:00,N/A,Privilege Escalation,
2025-12-24 13:28:39.457565+00:00,N/A,Privilege Escalation,
2025-12-24 13:30:06.617281+00:00,N/A,Privilege Escalation,
2025-12-24 13:43:39.559917+00:00,N/A,Privilege Escalation,
2025-12-24 13:47:57.565018+00:00,N/A,Privilege Escalation,
2025-12-24 13:53:34.439104+00:00,N/A,Privilege Escalation,
2025-12-24 13:58:39.657677+00:00,N/A,Privilege Escalation,
2025-12-24 13:58:44.016605+00:00,N/A,Privilege Escalation,
2025-12-24 14:00:45.991442+00:00,N/A,Privilege Escalation,
2025-12-24 14:00:46.740847+00:00,N/A,Privilege Escalation,
2025-12-24 14:06:45.975073+00:00,N/A,Privilege Escalation,
2025-12-24 14:13:39.752113+00:00,N/A,Privilege Escalation,
2025-12-24 14:28:39.889597+00:00,N/A,Privilege Escalation,
2025-12-24 14:32:55.108540+00:00,N/A,Privilege Escalation,
2025-12-24 14:38:44.760933+00:00,N/A,Privilege Escalation,
2025-12-24 14:38:45.720663+00:00,N/A,Privilege Escalation,
2025-12-24 14:39:16.718195+00:00,N/A,Privilege Escalation,
2025-12-24 14:39:17.425987+00:00,N/A,Privilege Escalation,
2025-12-24 14:41:16.997522+00:00,N/A,Privilege Escalation,
2025-12-24 14:41:18.141460+00:00,N/A,Privilege Escalation,
2025-12-24 14:41:19.004717+00:00,N/A,Privilege Escalation,
2025-12-24 14:46:40.951237+00:00,N/A,Privilege Escalation,
2025-12-24 14:58:40.001436+00:00,N/A,Privilege Escalation,
2025-12-24 14:58:50.561375+00:00,N/A,Privilege Escalation,
2025-12-24 14:59:09.155603+00:00,N/A,Privilege Escalation,
2025-12-24 14:59:49.964323+00:00,N/A,Privilege Escalation,
2025-12-24 14:59:50.143747+00:00,N/A,Privilege Escalation,
2025-12-24 15:00:52.496916+00:00,N/A,Privilege Escalation,
2025-12-24 15:00:53.235634+00:00,N/A,Privilege Escalation,
2025-12-24 15:06:52.394060+00:00,N/A,Privilege Escalation,
2025-12-24 15:13:40.089918+00:00,N/A,Privilege Escalation,
2025-12-24 15:28:40.175104+00:00,N/A,Privilege Escalation,
2025-12-24 15:38:45.067165+00:00,N/A,Privilege Escalation,
2025-12-24 15:41:29.335636+00:00,N/A,Privilege Escalation,
2025-12-24 15:52:52.914783+00:00,N/A,Privilege Escalation,
2025-12-24 15:53:17.606007+00:00,N/A,Privilege Escalation,
2025-12-24 15:58:40.293793+00:00,N/A,Privilege Escalation,
2025-12-24 15:58:55.368011+00:00,N/A,Privilege Escalation,
2025-12-24 15:59:39.590454+00:00,N/A,Privilege Escalation,
2025-12-24 15:59:39.771498+00:00,N/A,Privilege Escalation,
2025-12-24 16:00:57.352846+00:00,N/A,Privilege Escalation,
2025-12-24 16:00:58.369486+00:00,N/A,Privilege Escalation,
2025-12-24 16:03:19.697481+00:00,N/A,Privilege Escalation,
2025-12-24 16:06:57.202587+00:00,N/A,Privilege Escalation,
2025-12-24 16:12:00.033003+00:00,N/A,Privilege Escalation,
2025-12-24 16:12:02.799543+00:00,N/A,Privilege Escalation,
2025-12-24 16:12:02.799547+00:00,N/A,Privilege Escalation,
2025-12-24 16:12:02.936485+00:00,N/A,Privilege Escalation,
2025-12-24 16:12:03.195269+00:00,N/A,Privilege Escalation,
2025-12-24 16:12:03.469585+00:00,N/A,Privilege Escalation,
2025-12-26 02:31:42.769991+00:00,N/A,Privilege Escalation,
2025-12-26 02:31:42.786253+00:00,N/A,Privilege Escalation,
2025-12-26 02:31:42.825752+00:00,N/A,Privilege Escalation,
2025-12-26 02:31:42.887432+00:00,N/A,Privilege Escalation,
2025-12-26 02:31:42.965174+00:00,N/A,Privilege Escalation,
2025-12-26 02:31:42.965176+00:00,N/A,Privilege Escalation,
2025-12-26 02:31:43.052723+00:00,N/A,Privilege Escalation,
2025-12-26 02:31:43.052818+00:00,N/A,Privilege Escalation,
2025-12-26 02:31:43.053003+00:00,N/A,Privilege Escalation,
2025-12-26 02:31:43.053232+00:00,N/A,Privilege Escalation,
2025-12-26 02:31:43.084511+00:00,N/A,Privilege Escalation,
2025-12-26 02:31:43.103773+00:00,N/A,Privilege Escalation,
2025-12-26 02:31:43.116581+00:00,N/A,Privilege Escalation,
2025-12-26 02:31:43.122417+00:00,N/A,Privilege Escalation,
2025-12-26 02:31:43.126968+00:00,N/A,Privilege Escalation,
2025-12-26 02:31:43.136538+00:00,N/A,Privilege Escalation,
2025-12-26 02:31:43.188105+00:00,N/A,Privilege Escalation,
2025-12-26 02:31:43.204863+00:00,N/A,Privilege Escalation,
2025-12-26 02:31:43.310404+00:00,N/A,Privilege Escalation,
2025-12-26 02:31:43.386911+00:00,N/A,Privilege Escalation,
2025-12-26 02:31:43.386921+00:00,N/A,Privilege Escalation,
2025-12-26 02:31:43.416965+00:00,N/A,Privilege Escalation,
2025-12-26 02:31:43.437845+00:00,N/A,Privilege Escalation,
2025-12-26 02:31:43.593254+00:00,N/A,Privilege Escalation,
2025-12-26 02:31:43.647892+00:00,N/A,Privilege Escalation,
2025-12-26 02:31:43.814722+00:00,N/A,Privilege Escalation,
2025-12-26 02:31:43.910654+00:00,N/A,Privilege Escalation,
2025-12-26 02:31:43.939404+00:00,N/A,Privilege Escalation,
2025-12-26 02:31:43.996080+00:00,N/A,Privilege Escalation,
2025-12-26 02:31:44.098043+00:00,N/A,Privilege Escalation,
2025-12-26 02:31:44.098204+00:00,N/A,Privilege Escalation,
2025-12-26 02:31:44.098207+00:00,N/A,Privilege Escalation,
2025-12-26 02:31:44.140972+00:00,N/A,Privilege Escalation,
2025-12-26 02:31:44.182425+00:00,N/A,Privilege Escalation,
2025-12-26 02:31:44.244019+00:00,N/A,Privilege Escalation,
2025-12-26 02:31:44.272486+00:00,N/A,Privilege Escalation,
2025-12-26 02:31:44.412680+00:00,N/A,Privilege Escalation,
2025-12-26 02:31:44.427288+00:00,N/A,Privilege Escalation,
2025-12-26 02:31:44.474762+00:00,N/A,Privilege Escalation,
2025-12-26 02:31:44.548073+00:00,N/A,Privilege Escalation,
2025-12-26 02:31:44.553118+00:00,N/A,Privilege Escalation,
2025-12-26 02:31:44.618799+00:00,N/A,Privilege Escalation,
2025-12-26 02:31:44.666990+00:00,N/A,Privilege Escalation,
2025-12-26 02:31:44.703018+00:00,N/A,Privilege Escalation,
2025-12-26 02:31:44.713709+00:00,N/A,Privilege Escalation,
2025-12-26 02:31:44.722313+00:00,N/A,Privilege Escalation,
2025-12-26 02:31:44.769447+00:00,N/A,Privilege Escalation,
2025-12-26 02:31:47.993099+00:00,N/A,Privilege Escalation,
2025-12-26 02:31:47.993101+00:00,N/A,Privilege Escalation,
2025-12-26 02:31:47.993101+00:00,N/A,Privilege Escalation,
2025-12-26 02:31:48.209732+00:00,N/A,Privilege Escalation,
2025-12-26 02:31:48.271111+00:00,N/A,Privilege Escalation,
2025-12-26 02:31:48.543770+00:00,N/A,Privilege Escalation,
2025-12-26 02:31:48.721703+00:00,N/A,Privilege Escalation,
2025-12-26 02:31:48.909077+00:00,N/A,Privilege Escalation,
2025-12-26 02:31:50.111153+00:00,N/A,Privilege Escalation,
2025-12-26 02:31:50.316017+00:00,N/A,Privilege Escalation,
2025-12-26 02:31:50.401220+00:00,N/A,Privilege Escalation,
2025-12-26 02:31:51.348866+00:00,N/A,Privilege Escalation,
2025-12-26 02:31:51.805603+00:00,N/A,Privilege Escalation,
2025-12-26 02:31:52.140917+00:00,N/A,Privilege Escalation,
2025-12-26 02:31:52.575781+00:00,N/A,Privilege Escalation,
2025-12-26 02:31:54.242931+00:00,N/A,Privilege Escalation,
2025-12-26 02:31:54.277176+00:00,N/A,Privilege Escalation,
2025-12-26 02:32:01.958418+00:00,N/A,Privilege Escalation,
2025-12-26 02:32:22.934662+00:00,N/A,Privilege Escalation,
2025-12-26 02:32:23.080349+00:00,N/A,Privilege Escalation,
2025-12-26 02:32:23.639488+00:00,N/A,Privilege Escalation,
2025-12-26 02:32:47.523396+00:00,N/A,Privilege Escalation,
2025-12-26 02:33:18.288355+00:00,N/A,Privilege Escalation,
2025-12-26 02:33:39.607853+00:00,N/A,Privilege Escalation,
2025-12-26 02:33:48.179491+00:00,N/A,Privilege Escalation,
2025-12-26 02:33:54.278864+00:00,N/A,Privilege Escalation,
2025-12-26 02:33:55.684824+00:00,N/A,Privilege Escalation,
2025-12-26 02:34:13.575502+00:00,N/A,Privilege Escalation,
2025-12-26 02:34:19.138487+00:00,N/A,Privilege Escalation,
2025-12-26 02:34:20.820566+00:00,N/A,Privilege Escalation,
2025-12-26 02:34:21.355375+00:00,N/A,Privilege Escalation,
2025-12-26 02:35:29.896717+00:00,N/A,Privilege Escalation,
2025-12-26 02:35:31.625181+00:00,N/A,Privilege Escalation,
2025-12-26 02:35:33.394455+00:00,N/A,Privilege Escalation,
2025-12-26 02:35:33.401592+00:00,N/A,Privilege Escalation,
2025-12-26 02:35:33.404415+00:00,N/A,Privilege Escalation,
2025-12-26 02:35:33.412441+00:00,N/A,Privilege Escalation,
2025-12-26 02:35:33.414783+00:00,N/A,Privilege Escalation,
2025-12-26 02:35:33.508123+00:00,N/A,Privilege Escalation,
2025-12-26 02:35:34.430302+00:00,N/A,Privilege Escalation,
2025-12-26 02:35:35.127445+00:00,N/A,Privilege Escalation,
2025-12-26 02:35:35.220499+00:00,N/A,Privilege Escalation,
2025-12-26 02:35:35.315105+00:00,N/A,Privilege Escalation,
2025-12-26 02:35:36.810751+00:00,N/A,Privilege Escalation,
2025-12-26 02:35:36.813641+00:00,N/A,Privilege Escalation,
2025-12-26 02:35:36.815142+00:00,N/A,Privilege Escalation,
2025-12-26 02:35:36.818914+00:00,N/A,Privilege Escalation,
2025-12-26 02:35:36.820166+00:00,N/A,Privilege Escalation,
2025-12-26 02:35:36.830479+00:00,N/A,Privilege Escalation,
2025-12-26 02:35:37.500725+00:00,N/A,Privilege Escalation,
2025-12-26 02:35:38.131512+00:00,N/A,Privilege Escalation,
2025-12-26 02:35:48.118860+00:00,N/A,Privilege Escalation,
2025-12-26 02:36:45.136681+00:00,N/A,Privilege Escalation,
2025-12-26 02:37:38.905334+00:00,N/A,Privilege Escalation,
2025-12-26 02:41:06.220577+00:00,N/A,Privilege Escalation,
2025-12-26 02:42:03.548779+00:00,N/A,Privilege Escalation,
2025-12-26 02:42:34.441414+00:00,N/A,Privilege Escalation,
2025-12-26 02:43:43.752611+00:00,N/A,Privilege Escalation,
2025-12-26 02:43:43.752613+00:00,N/A,Privilege Escalation,
2025-12-26 02:43:44.015015+00:00,N/A,Privilege Escalation,
2025-12-26 02:43:44.148483+00:00,N/A,Privilege Escalation,
2025-12-26 02:43:51.470545+00:00,N/A,Privilege Escalation,
2025-12-26 02:43:53.669975+00:00,N/A,Privilege Escalation,
2025-12-26 05:07:29.279652+00:00,N/A,Privilege Escalation,
2025-12-26 05:07:31.381807+00:00,N/A,Privilege Escalation,
2025-12-26 05:07:31.595520+00:00,N/A,Privilege Escalation,
2025-12-26 05:07:31.687813+00:00,N/A,Privilege Escalation,
2025-12-26 05:07:33.148129+00:00,N/A,Privilege Escalation,
2025-12-26 05:08:29.363333+00:00,N/A,Privilege Escalation,
2025-12-26 05:08:30.169441+00:00,N/A,Privilege Escalation,
2025-12-26 05:08:38.453209+00:00,N/A,Privilege Escalation,
2025-12-26 05:09:18.719080+00:00,N/A,Privilege Escalation,
2025-12-26 05:09:35.681795+00:00,N/A,Privilege Escalation,
2025-12-26 05:09:36.562014+00:00,N/A,Privilege Escalation,
2025-12-26 05:11:27.582811+00:00,N/A,Privilege Escalation,
2025-12-26 05:12:04.419495+00:00,N/A,Privilege Escalation,
2025-12-26 05:12:16.246756+00:00,N/A,Privilege Escalation,
2025-12-26 05:12:30.043406+00:00,N/A,Privilege Escalation,
2025-12-26 05:12:32.701855+00:00,N/A,Privilege Escalation,
2025-12-26 05:13:04.511404+00:00,N/A,Privilege Escalation,
2025-12-26 05:14:16.946482+00:00,N/A,Privilege Escalation,
2025-12-26 05:15:36.046089+00:00,N/A,Privilege Escalation,
2025-12-26 05:16:29.762869+00:00,N/A,Privilege Escalation,
2025-12-26 05:16:49.081631+00:00,N/A,Privilege Escalation,
2025-12-26 05:16:49.240675+00:00,N/A,Privilege Escalation,
2025-12-26 05:17:24.980440+00:00,N/A,Privilege Escalation,
2025-12-26 05:17:25.004330+00:00,N/A,Privilege Escalation,
2025-12-26 05:17:25.442394+00:00,N/A,Privilege Escalation,
2025-12-26 05:17:25.655233+00:00,N/A,Privilege Escalation,
2025-12-26 05:17:25.679995+00:00,N/A,Privilege Escalation,
2025-12-26 05:17:26.636318+00:00,N/A,Privilege Escalation,
2025-12-26 05:17:32.504498+00:00,N/A,Privilege Escalation,
2025-12-26 05:17:32.645737+00:00,N/A,Privilege Escalation,
2025-12-26 05:17:36.743889+00:00,N/A,Privilege Escalation,
2025-12-26 05:22:30.990543+00:00,N/A,Privilege Escalation,
2025-12-26 05:22:33.048857+00:00,N/A,Privilege Escalation,
2025-12-26 05:22:34.234598+00:00,N/A,Privilege Escalation,
2025-12-26 05:23:39.503479+00:00,N/A,Privilege Escalation,
2025-12-26 05:34:53.516512+00:00,N/A,Privilege Escalation,
2025-12-26 05:37:46.234314+00:00,N/A,Privilege Escalation,
2025-12-26 05:52:46.403376+00:00,N/A,Privilege Escalation,
2025-12-26 06:07:42.433327+00:00,N/A,Privilege Escalation,
2025-12-26 06:07:46.532583+00:00,N/A,Privilege Escalation,
2025-12-26 06:09:45.054079+00:00,N/A,Privilege Escalation,
2025-12-26 06:09:46.009678+00:00,N/A,Privilege Escalation,
2025-12-26 06:11:45.391184+00:00,N/A,Privilege Escalation,
2025-12-26 06:11:47.647701+00:00,N/A,Privilege Escalation,
2025-12-26 06:11:54.115351+00:00,N/A,Privilege Escalation,
2025-12-26 06:11:54.115351+00:00,N/A,Privilege Escalation,
2025-12-26 06:11:54.450022+00:00,N/A,Privilege Escalation,
2025-12-26 06:11:54.763039+00:00,N/A,Privilege Escalation,
2025-12-26 06:12:01.563013+00:00,N/A,Privilege Escalation,
2025-12-26 06:12:02.750984+00:00,N/A,Privilege Escalation,
2025-12-26 08:41:12.442030+00:00,N/A,Privilege Escalation,
2025-12-26 08:41:14.823463+00:00,N/A,Privilege Escalation,
2025-12-26 08:41:14.956358+00:00,N/A,Privilege Escalation,
2025-12-26 08:41:19.614464+00:00,N/A,Privilege Escalation,
2025-12-26 08:42:27.927052+00:00,N/A,Privilege Escalation,
2025-12-26 08:42:44.239878+00:00,N/A,Privilege Escalation,
2025-12-26 08:42:44.400923+00:00,N/A,Privilege Escalation,
2025-12-26 08:44:51.577431+00:00,N/A,Privilege Escalation,
2025-12-26 08:45:11.070377+00:00,N/A,Privilege Escalation,
2025-12-26 08:45:23.245802+00:00,N/A,Privilege Escalation,
2025-12-26 08:46:14.717422+00:00,N/A,Privilege Escalation,
2025-12-26 08:47:11.514431+00:00,N/A,Privilege Escalation,
2025-12-26 08:47:11.857775+00:00,N/A,Privilege Escalation,
2025-12-26 08:47:11.864956+00:00,N/A,Privilege Escalation,
2025-12-26 08:47:11.867392+00:00,N/A,Privilege Escalation,
2025-12-26 08:47:11.884413+00:00,N/A,Privilege Escalation,
2025-12-26 08:47:11.887177+00:00,N/A,Privilege Escalation,
2025-12-26 08:47:11.908195+00:00,N/A,Privilege Escalation,
2025-12-26 08:47:12.655300+00:00,N/A,Privilege Escalation,
2025-12-26 08:47:13.397423+00:00,N/A,Privilege Escalation,
2025-12-26 08:47:14.242878+00:00,N/A,Privilege Escalation,
2025-12-26 08:47:14.246670+00:00,N/A,Privilege Escalation,
2025-12-26 08:47:14.250813+00:00,N/A,Privilege Escalation,
2025-12-26 08:47:14.262703+00:00,N/A,Privilege Escalation,
2025-12-26 08:47:14.265182+00:00,N/A,Privilege Escalation,
2025-12-26 08:47:14.280556+00:00,N/A,Privilege Escalation,
2025-12-26 08:47:15.132221+00:00,N/A,Privilege Escalation,
2025-12-26 08:47:15.803953+00:00,N/A,Privilege Escalation,
2025-12-26 08:47:17.741940+00:00,N/A,Privilege Escalation,
2025-12-26 08:56:14.442642+00:00,N/A,Privilege Escalation,
2025-12-26 08:56:15.660704+00:00,N/A,Privilege Escalation,
2025-12-26 08:56:19.904007+00:00,N/A,Privilege Escalation,
2025-12-26 09:11:20.025887+00:00,N/A,Privilege Escalation,
2025-12-26 09:25:32.026945+00:00,N/A,Privilege Escalation,
2025-12-26 09:26:20.153847+00:00,N/A,Privilege Escalation,
2025-12-26 09:41:17.694418+00:00,N/A,Privilege Escalation,
2025-12-26 09:41:20.286114+00:00,N/A,Privilege Escalation,
2025-12-26 09:43:19.981482+00:00,N/A,Privilege Escalation,
2025-12-26 09:43:20.820589+00:00,N/A,Privilege Escalation,
2025-12-26 09:44:21.167278+00:00,N/A,Privilege Escalation,
2025-12-26 09:44:21.167280+00:00,N/A,Privilege Escalation,
2025-12-26 09:44:21.621933+00:00,N/A,Privilege Escalation,
2025-12-26 09:44:21.886885+00:00,N/A,Privilege Escalation,
2025-12-26 09:44:27.031704+00:00,N/A,Privilege Escalation,
2025-12-26 09:44:28.956680+00:00,N/A,Privilege Escalation,
2025-12-26 14:40:39.304012+00:00,N/A,Privilege Escalation,
2025-12-26 14:40:41.571758+00:00,N/A,Privilege Escalation,
2025-12-26 14:40:41.823681+00:00,N/A,Privilege Escalation,
2025-12-26 14:40:45.239983+00:00,N/A,Privilege Escalation,
2025-12-26 14:40:51.803898+00:00,N/A,Privilege Escalation,
2025-12-26 14:41:26.886847+00:00,N/A,Privilege Escalation,
2025-12-26 14:42:25.123800+00:00,N/A,Privilege Escalation,
2025-12-26 14:45:27.468744+00:00,N/A,Privilege Escalation,
2025-12-26 14:45:41.651400+00:00,N/A,Privilege Escalation,
2025-12-26 14:45:55.763874+00:00,N/A,Privilege Escalation,
2025-12-26 14:46:08.459242+00:00,N/A,Privilege Escalation,
2025-12-26 14:46:44.512188+00:00,N/A,Privilege Escalation,
2025-12-26 14:55:42.214029+00:00,N/A,Privilege Escalation,
2025-12-26 14:55:43.275066+00:00,N/A,Privilege Escalation,
2025-12-26 14:55:52.547945+00:00,N/A,Privilege Escalation,
2025-12-26 15:00:54.305714+00:00,N/A,Privilege Escalation,
2025-12-26 15:01:08.323391+00:00,N/A,Privilege Escalation,
2025-12-26 15:05:33.013933+00:00,N/A,Privilege Escalation,
2025-12-26 15:10:52.665195+00:00,N/A,Privilege Escalation,
2025-12-26 15:18:11.028463+00:00,N/A,Privilege Escalation,
2025-12-26 15:23:48.995138+00:00,N/A,Privilege Escalation,
2025-12-26 15:23:50.096786+00:00,N/A,Privilege Escalation,
2025-12-26 15:23:50.319973+00:00,N/A,Privilege Escalation,
2025-12-26 15:23:51.827143+00:00,N/A,Privilege Escalation,
2025-12-26 15:23:56.455414+00:00,N/A,Privilege Escalation,
2025-12-26 15:23:57.358686+00:00,N/A,Privilege Escalation,
2025-12-26 15:24:01.231026+00:00,N/A,Privilege Escalation,
2025-12-26 15:24:19.577936+00:00,N/A,Privilege Escalation,
2025-12-26 15:25:20.605116+00:00,N/A,Privilege Escalation,
2025-12-26 15:26:12.570219+00:00,N/A,Privilege Escalation,
2025-12-26 15:26:12.694338+00:00,N/A,Privilege Escalation,
2025-12-26 15:40:44.248079+00:00,N/A,Privilege Escalation,
2025-12-26 15:40:52.837790+00:00,N/A,Privilege Escalation,
2025-12-26 15:42:46.684185+00:00,N/A,Privilege Escalation,
2025-12-26 15:42:47.528250+00:00,N/A,Privilege Escalation,
2025-12-26 15:48:47.114426+00:00,N/A,Privilege Escalation,
2025-12-26 15:55:53.019695+00:00,N/A,Privilege Escalation,
2025-12-26 15:56:53.445639+00:00,N/A,Privilege Escalation,
2025-12-26 15:56:55.257687+00:00,N/A,Privilege Escalation,
2025-12-26 16:02:34.621765+00:00,N/A,Privilege Escalation,
2025-12-26 16:10:53.154167+00:00,N/A,Privilege Escalation,
2025-12-26 16:25:53.342829+00:00,N/A,Privilege Escalation,
2025-12-26 16:40:41.553030+00:00,N/A,Privilege Escalation,
2025-12-26 16:40:41.699474+00:00,N/A,Privilege Escalation,
2025-12-26 16:40:50.452221+00:00,N/A,Privilege Escalation,
2025-12-26 16:40:53.435984+00:00,N/A,Privilege Escalation,
2025-12-26 16:42:52.819824+00:00,N/A,Privilege Escalation,
2025-12-26 16:42:53.848797+00:00,N/A,Privilege Escalation,
2025-12-26 16:44:07.703676+00:00,N/A,Privilege Escalation,
2025-12-26 16:44:07.703680+00:00,N/A,Privilege Escalation,
2025-12-26 16:44:08.162733+00:00,N/A,Privilege Escalation,
2025-12-26 16:44:08.706699+00:00,N/A,Privilege Escalation,
2025-12-26 16:44:22.006392+00:00,N/A,Privilege Escalation,
2025-12-27 05:02:38.723688+00:00,N/A,Privilege Escalation,
2025-12-27 05:02:40.279043+00:00,N/A,Privilege Escalation,
2025-12-27 05:02:40.464296+00:00,N/A,Privilege Escalation,
2025-12-27 05:02:40.745781+00:00,N/A,Privilege Escalation,
2025-12-27 05:02:42.696379+00:00,N/A,Privilege Escalation,
2025-12-27 05:02:55.354330+00:00,N/A,Privilege Escalation,
2025-12-27 05:02:55.442570+00:00,N/A,Privilege Escalation,
2025-12-27 05:03:06.381386+00:00,N/A,Privilege Escalation,
2025-12-27 05:04:25.486898+00:00,N/A,Privilege Escalation,
2025-12-27 05:07:03.845770+00:00,N/A,Privilege Escalation,
2025-12-27 05:07:26.253113+00:00,N/A,Privilege Escalation,
2025-12-27 05:07:39.780909+00:00,N/A,Privilege Escalation,
2025-12-27 05:07:41.694754+00:00,N/A,Privilege Escalation,
2025-12-27 05:08:08.566681+00:00,N/A,Privilege Escalation,
2025-12-27 05:17:40.777744+00:00,N/A,Privilege Escalation,
2025-12-27 05:17:41.853458+00:00,N/A,Privilege Escalation,
2025-12-27 05:17:42.918989+00:00,N/A,Privilege Escalation,
2025-12-27 05:17:50.686132+00:00,N/A,Privilege Escalation,
2025-12-27 05:18:11.980522+00:00,N/A,Privilege Escalation,
2025-12-27 05:22:31.246168+00:00,N/A,Privilege Escalation,
2025-12-27 05:23:52.206411+00:00,N/A,Privilege Escalation,
2025-12-27 05:32:50.797352+00:00,N/A,Privilege Escalation,
2025-12-27 05:33:51.770584+00:00,N/A,Privilege Escalation,
2025-12-27 05:34:18.857218+00:00,N/A,Privilege Escalation,
2025-12-27 05:47:50.932659+00:00,N/A,Privilege Escalation,
2025-12-27 05:48:07.685989+00:00,N/A,Privilege Escalation,
2025-12-27 05:53:12.503883+00:00,N/A,Privilege Escalation,
2025-12-27 05:54:05.012026+00:00,N/A,Privilege Escalation,
2025-12-27 06:02:40.663479+00:00,N/A,Privilege Escalation,
2025-12-27 06:02:51.050570+00:00,N/A,Privilege Escalation,
2025-12-27 06:04:42.657948+00:00,N/A,Privilege Escalation,
2025-12-27 06:04:43.438913+00:00,N/A,Privilege Escalation,
2025-12-27 06:04:52.704481+00:00,N/A,Privilege Escalation,
2025-12-27 06:04:55.073635+00:00,N/A,Privilege Escalation,
2025-12-27 06:05:07.072268+00:00,N/A,Privilege Escalation,
2025-12-27 06:10:42.494728+00:00,N/A,Privilege Escalation,
2025-12-27 06:10:47.076607+00:00,N/A,Privilege Escalation,
2025-12-27 06:10:52.257622+00:00,N/A,Privilege Escalation,
2025-12-27 06:11:15.367733+00:00,N/A,Privilege Escalation,
2025-12-27 06:12:05.829931+00:00,N/A,Privilege Escalation,
2025-12-27 06:12:19.506294+00:00,N/A,Privilege Escalation,
2025-12-27 06:14:02.832420+00:00,N/A,Privilege Escalation,
2025-12-27 06:17:51.157143+00:00,N/A,Privilege Escalation,
2025-12-27 06:32:07.738287+00:00,N/A,Privilege Escalation,
2025-12-27 06:47:51.271259+00:00,N/A,Privilege Escalation,
2025-12-27 06:51:20.103794+00:00,N/A,Privilege Escalation,
2025-12-27 06:55:55.776714+00:00,N/A,Privilege Escalation,
2025-12-27 07:02:41.530241+00:00,N/A,Privilege Escalation,
2025-12-27 07:02:41.673824+00:00,N/A,Privilege Escalation,
2025-12-27 07:02:45.046133+00:00,N/A,Privilege Escalation,
2025-12-27 07:02:51.345989+00:00,N/A,Privilege Escalation,
2025-12-27 07:04:46.549303+00:00,N/A,Privilege Escalation,
2025-12-27 07:04:47.053442+00:00,N/A,Privilege Escalation,
2025-12-27 07:09:59.281372+00:00,N/A,Privilege Escalation,
2025-12-27 07:10:08.950554+00:00,N/A,Privilege Escalation,
2025-12-27 07:10:46.826782+00:00,N/A,Privilege Escalation,
2025-12-27 07:14:10.594862+00:00,N/A,Privilege Escalation,
2025-12-27 07:14:17.215714+00:00,N/A,Privilege Escalation,
2025-12-27 07:14:24.119741+00:00,N/A,Privilege Escalation,
2025-12-27 07:14:50.078503+00:00,N/A,Privilege Escalation,
2025-12-27 07:14:50.361448+00:00,N/A,Privilege Escalation,
2025-12-27 07:17:51.408682+00:00,N/A,Privilege Escalation,
2025-12-27 07:30:21.552122+00:00,N/A,Privilege Escalation,
2025-12-27 07:32:51.482277+00:00,N/A,Privilege Escalation,
2025-12-27 07:47:51.545210+00:00,N/A,Privilege Escalation,
2025-12-27 08:02:48.543816+00:00,N/A,Privilege Escalation,
2025-12-27 08:02:51.611670+00:00,N/A,Privilege Escalation,
2025-12-27 08:04:50.324070+00:00,N/A,Privilege Escalation,
2025-12-27 08:04:50.962200+00:00,N/A,Privilege Escalation,
2025-12-27 08:06:31.116596+00:00,N/A,Privilege Escalation,
2025-12-27 08:10:50.289698+00:00,N/A,Privilege Escalation,
2025-12-27 08:14:10.721514+00:00,N/A,Privilege Escalation,
2025-12-27 08:17:51.711126+00:00,N/A,Privilege Escalation,
2025-12-27 08:30:05.217026+00:00,N/A,Privilege Escalation,
2025-12-27 08:32:51.779642+00:00,N/A,Privilege Escalation,
2025-12-27 08:47:51.842733+00:00,N/A,Privilege Escalation,
2025-12-27 08:57:46.410574+00:00,N/A,Privilege Escalation,
2025-12-27 08:57:46.417871+00:00,N/A,Privilege Escalation,
2025-12-27 08:57:46.419724+00:00,N/A,Privilege Escalation,
2025-12-27 08:57:46.426010+00:00,N/A,Privilege Escalation,
2025-12-27 08:57:46.427748+00:00,N/A,Privilege Escalation,
2025-12-27 08:57:46.444439+00:00,N/A,Privilege Escalation,
2025-12-27 08:57:47.124409+00:00,N/A,Privilege Escalation,
2025-12-27 08:57:47.769581+00:00,N/A,Privilege Escalation,
2025-12-27 08:57:48.605291+00:00,N/A,Privilege Escalation,
2025-12-27 08:57:48.608780+00:00,N/A,Privilege Escalation,
2025-12-27 08:57:48.610483+00:00,N/A,Privilege Escalation,
2025-12-27 08:57:48.617146+00:00,N/A,Privilege Escalation,
2025-12-27 08:57:48.619267+00:00,N/A,Privilege Escalation,
2025-12-27 08:57:48.627384+00:00,N/A,Privilege Escalation,
2025-12-27 08:57:49.245018+00:00,N/A,Privilege Escalation,
2025-12-27 08:57:49.848198+00:00,N/A,Privilege Escalation,
2025-12-27 08:57:50.843445+00:00,N/A,Privilege Escalation,
2025-12-27 09:02:51.903660+00:00,N/A,Privilege Escalation,
2025-12-27 09:02:52.383175+00:00,N/A,Privilege Escalation,
2025-12-27 09:04:54.170261+00:00,N/A,Privilege Escalation,
2025-12-27 09:04:54.821554+00:00,N/A,Privilege Escalation,
2025-12-27 09:10:54.190004+00:00,N/A,Privilege Escalation,
2025-12-27 09:14:10.667608+00:00,N/A,Privilege Escalation,
2025-12-27 09:17:51.971935+00:00,N/A,Privilege Escalation,
2025-12-27 09:32:52.044228+00:00,N/A,Privilege Escalation,
2025-12-27 09:47:52.101503+00:00,N/A,Privilege Escalation,
2025-12-27 10:01:11.053329+00:00,N/A,Privilege Escalation,
2025-12-27 10:02:52.163242+00:00,N/A,Privilege Escalation,
2025-12-27 10:02:56.549376+00:00,N/A,Privilege Escalation,
2025-12-27 10:04:58.287495+00:00,N/A,Privilege Escalation,
2025-12-27 10:04:58.933174+00:00,N/A,Privilege Escalation,
2025-12-27 10:10:58.318581+00:00,N/A,Privilege Escalation,
2025-12-27 10:14:10.717541+00:00,N/A,Privilege Escalation,
2025-12-27 10:14:18.751341+00:00,N/A,Privilege Escalation,
2025-12-27 10:17:52.231853+00:00,N/A,Privilege Escalation,
2025-12-27 10:32:52.297689+00:00,N/A,Privilege Escalation,
2025-12-27 10:37:42.603085+00:00,N/A,Privilege Escalation,
2025-12-27 10:47:52.357239+00:00,N/A,Privilege Escalation,
2025-12-27 11:02:52.414227+00:00,N/A,Privilege Escalation,
2025-12-27 11:03:00.756454+00:00,N/A,Privilege Escalation,
2025-12-27 11:05:02.652056+00:00,N/A,Privilege Escalation,
2025-12-27 11:05:03.346775+00:00,N/A,Privilege Escalation,
2025-12-27 11:08:38.474367+00:00,N/A,Privilege Escalation,
2025-12-27 11:08:41.127602+00:00,N/A,Privilege Escalation,
2025-12-27 11:08:42.000465+00:00,N/A,Privilege Escalation,
2025-12-27 11:11:02.513515+00:00,N/A,Privilege Escalation,
2025-12-27 11:14:11.182789+00:00,N/A,Privilege Escalation,
2025-12-27 11:17:52.473654+00:00,N/A,Privilege Escalation,
2025-12-27 11:32:52.543978+00:00,N/A,Privilege Escalation,
2025-12-27 11:47:52.606255+00:00,N/A,Privilege Escalation,
2025-12-27 12:02:52.670645+00:00,N/A,Privilege Escalation,
2025-12-27 12:03:05.334333+00:00,N/A,Privilege Escalation,
2025-12-27 12:05:07.123238+00:00,N/A,Privilege Escalation,
2025-12-27 12:05:07.754301+00:00,N/A,Privilege Escalation,
2025-12-27 12:11:07.068722+00:00,N/A,Privilege Escalation,
2025-12-27 12:14:11.222805+00:00,N/A,Privilege Escalation,
2025-12-27 12:17:52.733194+00:00,N/A,Privilege Escalation,
2025-12-27 12:31:56.222782+00:00,N/A,Privilege Escalation,
2025-12-27 12:32:52.798231+00:00,N/A,Privilege Escalation,
2025-12-27 12:47:52.861280+00:00,N/A,Privilege Escalation,
2025-12-27 13:02:52.926779+00:00,N/A,Privilege Escalation,
2025-12-27 13:03:09.452938+00:00,N/A,Privilege Escalation,
2025-12-27 13:04:16.158899+00:00,N/A,Privilege Escalation,
2025-12-27 13:05:11.083248+00:00,N/A,Privilege Escalation,
2025-12-27 13:05:11.599840+00:00,N/A,Privilege Escalation,
2025-12-27 13:11:11.174011+00:00,N/A,Privilege Escalation,
2025-12-27 13:14:12.446524+00:00,N/A,Privilege Escalation,
2025-12-27 13:17:52.987371+00:00,N/A,Privilege Escalation,
2025-12-27 13:32:53.053991+00:00,N/A,Privilege Escalation,
2025-12-27 13:35:30.222761+00:00,N/A,Privilege Escalation,
2025-12-27 13:47:53.115118+00:00,N/A,Privilege Escalation,
2025-12-27 13:54:44.637451+00:00,N/A,Privilege Escalation,
2025-12-27 14:02:53.178701+00:00,N/A,Privilege Escalation,
2025-12-27 14:03:13.628220+00:00,N/A,Privilege Escalation,
2025-12-27 14:05:15.318203+00:00,N/A,Privilege Escalation,
2025-12-27 14:05:15.962622+00:00,N/A,Privilege Escalation,
2025-12-27 14:11:15.609539+00:00,N/A,Privilege Escalation,
2025-12-27 14:14:11.636583+00:00,N/A,Privilege Escalation,
2025-12-27 14:17:13.219545+00:00,N/A,Privilege Escalation,
2025-12-27 14:17:17.203522+00:00,N/A,Privilege Escalation,
2025-12-27 14:37:22.425213+00:00,N/A,Privilege Escalation,
2025-12-27 14:37:24.343023+00:00,N/A,Privilege Escalation,
2025-12-27 14:37:25.381519+00:00,N/A,Privilege Escalation,
2025-12-27 14:37:30.018661+00:00,N/A,Privilege Escalation,
2025-12-27 14:37:55.312332+00:00,N/A,Privilege Escalation,
2025-12-27 14:38:04.681171+00:00,N/A,Privilege Escalation,
2025-12-27 14:38:21.430384+00:00,N/A,Privilege Escalation,
2025-12-27 14:38:51.170135+00:00,N/A,Privilege Escalation,
2025-12-27 14:38:51.357296+00:00,N/A,Privilege Escalation,
2025-12-27 14:38:51.898523+00:00,N/A,Privilege Escalation,
2025-12-27 14:39:40.786711+00:00,N/A,Privilege Escalation,
2025-12-27 14:45:06.500980+00:00,N/A,Privilege Escalation,
2025-12-27 14:47:16.719503+00:00,N/A,Privilege Escalation,
2025-12-27 14:51:34.721893+00:00,N/A,Privilege Escalation,
2025-12-27 14:52:25.481745+00:00,N/A,Privilege Escalation,
2025-12-27 14:58:19.944292+00:00,N/A,Privilege Escalation,
2025-12-27 15:03:18.016235+00:00,N/A,Privilege Escalation,
2025-12-27 15:05:20.190897+00:00,N/A,Privilege Escalation,
2025-12-27 15:05:21.063118+00:00,N/A,Privilege Escalation,
2025-12-27 15:07:25.623220+00:00,N/A,Privilege Escalation,
2025-12-27 15:10:53.604136+00:00,N/A,Privilege Escalation,
2025-12-27 15:11:20.363050+00:00,N/A,Privilege Escalation,
2025-12-27 15:14:11.452324+00:00,N/A,Privilege Escalation,
2025-12-27 15:20:15.792181+00:00,N/A,Privilege Escalation,
2025-12-27 15:22:25.739166+00:00,N/A,Privilege Escalation,
2025-12-27 15:26:35.465134+00:00,N/A,Privilege Escalation,
2025-12-27 15:31:28.401737+00:00,N/A,Privilege Escalation,
2025-12-27 15:33:26.170547+00:00,N/A,Privilege Escalation,
2025-12-27 15:37:25.873760+00:00,N/A,Privilege Escalation,
2025-12-27 15:52:26.043945+00:00,N/A,Privilege Escalation,
2025-12-27 15:57:46.795135+00:00,N/A,Privilege Escalation,
2025-12-27 16:03:23.420506+00:00,N/A,Privilege Escalation,
2025-12-27 16:05:25.709280+00:00,N/A,Privilege Escalation,
2025-12-27 16:05:26.501450+00:00,N/A,Privilege Escalation,
2025-12-27 16:07:18.486565+00:00,N/A,Privilege Escalation,
2025-12-28 06:03:02.627769+00:00,N/A,Privilege Escalation,
2025-12-28 06:03:02.641375+00:00,N/A,Privilege Escalation,
2025-12-28 06:03:02.677570+00:00,N/A,Privilege Escalation,
2025-12-28 06:03:02.714643+00:00,N/A,Privilege Escalation,
2025-12-28 06:03:02.793285+00:00,N/A,Privilege Escalation,
2025-12-28 06:03:02.793289+00:00,N/A,Privilege Escalation,
2025-12-28 06:03:02.895933+00:00,N/A,Privilege Escalation,
2025-12-28 06:03:02.896772+00:00,N/A,Privilege Escalation,
2025-12-28 06:03:02.897287+00:00,N/A,Privilege Escalation,
2025-12-28 06:03:02.897352+00:00,N/A,Privilege Escalation,
2025-12-28 06:03:02.929529+00:00,N/A,Privilege Escalation,
2025-12-28 06:03:02.936096+00:00,N/A,Privilege Escalation,
2025-12-28 06:03:02.936768+00:00,N/A,Privilege Escalation,
2025-12-28 06:03:02.977293+00:00,N/A,Privilege Escalation,
2025-12-28 06:03:02.994585+00:00,N/A,Privilege Escalation,
2025-12-28 06:03:02.998463+00:00,N/A,Privilege Escalation,
2025-12-28 06:03:03.010468+00:00,N/A,Privilege Escalation,
2025-12-28 06:03:03.069975+00:00,N/A,Privilege Escalation,
2025-12-28 06:03:03.083998+00:00,N/A,Privilege Escalation,
2025-12-28 06:03:03.215429+00:00,N/A,Privilege Escalation,
2025-12-28 06:03:03.215454+00:00,N/A,Privilege Escalation,
2025-12-28 06:03:03.243925+00:00,N/A,Privilege Escalation,
2025-12-28 06:03:03.263218+00:00,N/A,Privilege Escalation,
2025-12-28 06:03:03.470474+00:00,N/A,Privilege Escalation,
2025-12-28 06:03:03.548483+00:00,N/A,Privilege Escalation,
2025-12-28 06:03:03.736977+00:00,N/A,Privilege Escalation,
2025-12-28 06:03:03.887470+00:00,N/A,Privilege Escalation,
2025-12-28 06:03:03.995775+00:00,N/A,Privilege Escalation,
2025-12-28 06:03:03.996405+00:00,N/A,Privilege Escalation,
2025-12-28 06:03:03.996433+00:00,N/A,Privilege Escalation,
2025-12-28 06:03:04.034023+00:00,N/A,Privilege Escalation,
2025-12-28 06:03:04.080637+00:00,N/A,Privilege Escalation,
2025-12-28 06:03:04.118277+00:00,N/A,Privilege Escalation,
2025-12-28 06:03:04.135798+00:00,N/A,Privilege Escalation,
2025-12-28 06:03:04.193541+00:00,N/A,Privilege Escalation,
2025-12-28 06:03:04.234697+00:00,N/A,Privilege Escalation,
2025-12-28 06:03:04.248857+00:00,N/A,Privilege Escalation,
2025-12-28 06:03:04.339241+00:00,N/A,Privilege Escalation,
2025-12-28 06:03:04.341476+00:00,N/A,Privilege Escalation,
2025-12-28 06:03:04.388361+00:00,N/A,Privilege Escalation,
2025-12-28 06:03:04.432522+00:00,N/A,Privilege Escalation,
2025-12-28 06:03:04.463041+00:00,N/A,Privilege Escalation,
2025-12-28 06:03:04.475468+00:00,N/A,Privilege Escalation,
2025-12-28 06:03:04.481323+00:00,N/A,Privilege Escalation,
2025-12-28 06:03:04.485140+00:00,N/A,Privilege Escalation,
2025-12-28 06:03:07.851364+00:00,N/A,Privilege Escalation,
2025-12-28 06:03:08.130411+00:00,N/A,Privilege Escalation,
2025-12-28 06:03:08.130453+00:00,N/A,Privilege Escalation,
2025-12-28 06:03:08.130533+00:00,N/A,Privilege Escalation,
2025-12-28 06:03:08.381733+00:00,N/A,Privilege Escalation,
2025-12-28 06:03:08.469667+00:00,N/A,Privilege Escalation,
2025-12-28 06:03:08.556648+00:00,N/A,Privilege Escalation,
2025-12-28 06:03:08.560738+00:00,N/A,Privilege Escalation,
2025-12-28 06:03:08.995832+00:00,N/A,Privilege Escalation,
2025-12-28 06:03:09.317669+00:00,N/A,Privilege Escalation,
2025-12-28 06:03:10.278236+00:00,N/A,Privilege Escalation,
2025-12-28 06:03:10.325331+00:00,N/A,Privilege Escalation,
2025-12-28 06:03:10.353184+00:00,N/A,Privilege Escalation,
2025-12-28 06:03:11.535120+00:00,N/A,Privilege Escalation,
2025-12-28 06:03:11.725863+00:00,N/A,Privilege Escalation,
2025-12-28 06:03:12.276592+00:00,N/A,Privilege Escalation,
2025-12-28 06:03:12.770309+00:00,N/A,Privilege Escalation,
2025-12-28 06:03:14.316322+00:00,N/A,Privilege Escalation,
2025-12-28 06:03:14.467207+00:00,N/A,Privilege Escalation,
2025-12-28 06:03:20.709770+00:00,N/A,Privilege Escalation,
2025-12-28 06:03:26.007162+00:00,N/A,Privilege Escalation,
2025-12-28 06:03:45.946285+00:00,N/A,Privilege Escalation,
2025-12-28 06:03:48.763847+00:00,N/A,Privilege Escalation,
2025-12-28 06:04:11.423046+00:00,N/A,Privilege Escalation,
2025-12-28 06:05:01.949137+00:00,N/A,Privilege Escalation,
2025-12-28 06:05:09.441319+00:00,N/A,Privilege Escalation,
2025-12-28 06:05:10.688534+00:00,N/A,Privilege Escalation,
2025-12-28 06:05:23.838018+00:00,N/A,Privilege Escalation,
2025-12-28 06:05:24.243540+00:00,N/A,Privilege Escalation,
2025-12-28 06:05:24.937925+00:00,N/A,Privilege Escalation,
2025-12-28 06:05:25.354328+00:00,N/A,Privilege Escalation,
2025-12-28 06:07:34.852524+00:00,N/A,Privilege Escalation,
2025-12-28 06:07:44.522392+00:00,N/A,Privilege Escalation,
2025-12-28 06:08:09.449160+00:00,N/A,Privilege Escalation,
2025-12-28 06:08:13.796358+00:00,N/A,Privilege Escalation,
2025-12-28 06:08:17.672533+00:00,N/A,Privilege Escalation,
2025-12-28 06:08:17.678007+00:00,N/A,Privilege Escalation,
2025-12-28 06:08:17.680742+00:00,N/A,Privilege Escalation,
2025-12-28 06:08:17.686422+00:00,N/A,Privilege Escalation,
2025-12-28 06:08:17.688866+00:00,N/A,Privilege Escalation,
2025-12-28 06:08:17.704294+00:00,N/A,Privilege Escalation,
2025-12-28 06:08:18.343557+00:00,N/A,Privilege Escalation,
2025-12-28 06:08:18.989477+00:00,N/A,Privilege Escalation,
2025-12-28 06:08:21.879385+00:00,N/A,Privilege Escalation,
2025-12-28 06:08:21.919882+00:00,N/A,Privilege Escalation,
2025-12-28 06:08:21.925161+00:00,N/A,Privilege Escalation,
2025-12-28 06:08:21.927845+00:00,N/A,Privilege Escalation,
2025-12-28 06:08:21.933537+00:00,N/A,Privilege Escalation,
2025-12-28 06:08:21.935955+00:00,N/A,Privilege Escalation,
2025-12-28 06:08:21.946968+00:00,N/A,Privilege Escalation,
2025-12-28 06:08:22.524719+00:00,N/A,Privilege Escalation,
2025-12-28 06:08:23.098351+00:00,N/A,Privilege Escalation,
2025-12-28 06:13:31.288452+00:00,N/A,Privilege Escalation,
2025-12-28 06:13:31.629614+00:00,N/A,Privilege Escalation,
2025-12-28 06:16:04.441074+00:00,N/A,Privilege Escalation,
2025-12-28 06:18:03.993473+00:00,N/A,Privilege Escalation,
2025-12-28 06:18:04.936346+00:00,N/A,Privilege Escalation,
2025-12-28 06:18:05.354261+00:00,N/A,Privilege Escalation,
2025-12-28 06:18:14.195410+00:00,N/A,Privilege Escalation,
2025-12-28 06:18:23.838139+00:00,N/A,Privilege Escalation,
2025-12-28 06:21:57.506256+00:00,N/A,Privilege Escalation,
2025-12-28 06:26:01.136124+00:00,N/A,Privilege Escalation,
2025-12-28 06:26:08.433577+00:00,N/A,Privilege Escalation,
2025-12-28 06:26:09.082901+00:00,N/A,Privilege Escalation,
2025-12-28 06:26:09.610043+00:00,N/A,Privilege Escalation,
2025-12-28 06:26:14.744961+00:00,N/A,Privilege Escalation,
2025-12-28 06:26:17.481125+00:00,N/A,Privilege Escalation,
2025-12-28 06:26:26.531277+00:00,N/A,Privilege Escalation,
2025-12-28 06:27:47.016672+00:00,N/A,Privilege Escalation,
2025-12-28 06:29:11.652838+00:00,N/A,Privilege Escalation,
2025-12-28 06:29:13.884195+00:00,N/A,Privilege Escalation,
2025-12-28 06:33:26.530325+00:00,N/A,Privilege Escalation,
2025-12-28 06:33:50.201353+00:00,N/A,Privilege Escalation,
2025-12-28 06:36:18.017805+00:00,N/A,Privilege Escalation,
2025-12-28 06:43:39.972290+00:00,N/A,Privilege Escalation,
2025-12-28 06:43:40.459484+00:00,N/A,Privilege Escalation,
2025-12-28 06:43:41.270109+00:00,N/A,Privilege Escalation,
2025-12-28 06:43:41.824511+00:00,N/A,Privilege Escalation,
2025-12-28 06:43:53.494770+00:00,N/A,Privilege Escalation,
2025-12-28 06:45:25.938707+00:00,N/A,Privilege Escalation,
2025-12-28 06:48:12.866249+00:00,N/A,Privilege Escalation,
2025-12-28 06:50:28.414089+00:00,N/A,Privilege Escalation,
2025-12-28 06:51:17.126987+00:00,N/A,Privilege Escalation,
2025-12-28 06:56:47.773743+00:00,N/A,Privilege Escalation,
2025-12-28 06:58:08.286301+00:00,N/A,Privilege Escalation,
2025-12-28 07:03:08.644133+00:00,N/A,Privilege Escalation,
2025-12-28 07:03:12.965736+00:00,N/A,Privilege Escalation,
2025-12-28 07:05:13.639471+00:00,N/A,Privilege Escalation,
2025-12-28 07:05:14.654640+00:00,N/A,Privilege Escalation,
2025-12-28 07:07:58.755299+00:00,N/A,Privilege Escalation,
2025-12-28 07:11:14.167561+00:00,N/A,Privilege Escalation,
2025-12-28 07:18:13.080067+00:00,N/A,Privilege Escalation,
2025-12-28 07:21:42.566385+00:00,N/A,Privilege Escalation,
2025-12-28 07:21:59.180668+00:00,N/A,Privilege Escalation,
2025-12-28 07:24:02.908352+00:00,N/A,Privilege Escalation,
2025-12-28 07:28:40.198130+00:00,N/A,Privilege Escalation,
2025-12-28 07:36:18.624018+00:00,N/A,Privilege Escalation,
2025-12-28 07:46:37.673288+00:00,N/A,Privilege Escalation,
2025-12-28 07:46:38.853083+00:00,N/A,Privilege Escalation,
2025-12-28 07:47:07.175089+00:00,N/A,Privilege Escalation,
2025-12-28 07:47:09.509542+00:00,N/A,Privilege Escalation,
2025-12-28 07:47:10.691359+00:00,N/A,Privilege Escalation,
2025-12-28 07:47:10.738693+00:00,N/A,Privilege Escalation,
2025-12-28 07:48:09.916767+00:00,N/A,Privilege Escalation,
2025-12-28 07:48:13.365864+00:00,N/A,Privilege Escalation,
2025-12-28 07:48:44.716803+00:00,N/A,Privilege Escalation,
2025-12-28 08:03:09.037405+00:00,N/A,Privilege Escalation,
2025-12-28 08:03:09.213602+00:00,N/A,Privilege Escalation,
2025-12-28 08:03:13.836933+00:00,N/A,Privilege Escalation,
2025-12-28 08:03:17.627785+00:00,N/A,Privilege Escalation,
2025-12-28 08:05:19.784201+00:00,N/A,Privilege Escalation,
2025-12-28 08:05:20.581553+00:00,N/A,Privilege Escalation,
2025-12-28 08:08:04.095293+00:00,N/A,Privilege Escalation,
2025-12-28 08:11:19.699734+00:00,N/A,Privilege Escalation,
2025-12-28 08:18:13.940706+00:00,N/A,Privilege Escalation,
2025-12-28 08:20:14.442976+00:00,N/A,Privilege Escalation,
2025-12-28 08:33:14.040867+00:00,N/A,Privilege Escalation,
2025-12-28 08:34:18.584780+00:00,N/A,Privilege Escalation,
2025-12-28 08:44:11.778996+00:00,N/A,Privilege Escalation,
2025-12-28 08:47:04.835241+00:00,N/A,Privilege Escalation,
2025-12-28 08:48:14.131834+00:00,N/A,Privilege Escalation,
2025-12-28 09:03:14.232487+00:00,N/A,Privilege Escalation,
2025-12-28 09:03:22.706797+00:00,N/A,Privilege Escalation,
2025-12-28 09:05:24.806217+00:00,N/A,Privilege Escalation,
2025-12-28 09:05:25.577454+00:00,N/A,Privilege Escalation,
2025-12-28 09:11:24.644772+00:00,N/A,Privilege Escalation,
2025-12-28 09:18:14.332481+00:00,N/A,Privilege Escalation,
2025-12-28 09:23:22.259527+00:00,N/A,Privilege Escalation,
2025-12-28 09:33:14.425865+00:00,N/A,Privilege Escalation,
2025-12-28 09:47:04.848742+00:00,N/A,Privilege Escalation,
2025-12-28 09:48:14.518787+00:00,N/A,Privilege Escalation,
2025-12-28 09:48:41.704685+00:00,N/A,Privilege Escalation,
2025-12-28 10:03:14.609505+00:00,N/A,Privilege Escalation,
2025-12-28 10:03:27.870502+00:00,N/A,Privilege Escalation,
2025-12-28 10:05:29.860981+00:00,N/A,Privilege Escalation,
2025-12-28 10:05:30.698236+00:00,N/A,Privilege Escalation,
2025-12-28 10:11:29.846409+00:00,N/A,Privilege Escalation,
2025-12-28 10:14:11.766354+00:00,N/A,Privilege Escalation,
2025-12-28 10:18:14.697699+00:00,N/A,Privilege Escalation,
2025-12-28 10:33:14.798782+00:00,N/A,Privilege Escalation,
2025-12-28 10:41:54.068882+00:00,N/A,Privilege Escalation,
2025-12-28 10:45:37.552219+00:00,N/A,Privilege Escalation,
2025-12-28 10:45:40.658096+00:00,N/A,Privilege Escalation,
2025-12-28 10:47:04.835150+00:00,N/A,Privilege Escalation,
2025-12-28 11:03:32.893480+00:00,N/A,Privilege Escalation,
2025-12-28 11:05:41.677183+00:00,N/A,Privilege Escalation,
2025-12-28 11:05:42.776064+00:00,N/A,Privilege Escalation,
2025-12-28 11:11:41.711544+00:00,N/A,Privilege Escalation,
2025-12-28 11:47:04.919552+00:00,N/A,Privilege Escalation,
2025-12-28 12:03:44.398424+00:00,N/A,Privilege Escalation,
2025-12-28 12:05:53.213875+00:00,N/A,Privilege Escalation,
2025-12-28 12:05:54.252613+00:00,N/A,Privilege Escalation,
2025-12-28 12:11:53.315926+00:00,N/A,Privilege Escalation,
2025-12-28 12:35:30.648239+00:00,N/A,Privilege Escalation,
2025-12-28 12:44:10.824492+00:00,N/A,Privilege Escalation,
2025-12-28 13:03:55.930437+00:00,N/A,Privilege Escalation,
2025-12-28 13:06:04.930586+00:00,N/A,Privilege Escalation,
2025-12-28 13:06:05.987183+00:00,N/A,Privilege Escalation,
2025-12-28 13:12:04.780516+00:00,N/A,Privilege Escalation,
2025-12-28 13:44:10.836826+00:00,N/A,Privilege Escalation,
2025-12-28 14:04:07.590195+00:00,N/A,Privilege Escalation,
2025-12-28 14:06:16.246532+00:00,N/A,Privilege Escalation,
2025-12-28 14:06:17.421207+00:00,N/A,Privilege Escalation,
2025-12-28 14:12:16.451506+00:00,N/A,Privilege Escalation,
2025-12-28 15:03:48.027237+00:00,N/A,Privilege Escalation,
2025-12-28 15:04:19.161646+00:00,N/A,Privilege Escalation,
2025-12-28 15:06:28.052944+00:00,N/A,Privilege Escalation,
2025-12-28 15:06:29.204485+00:00,N/A,Privilege Escalation,
2025-12-28 15:06:58.970360+00:00,N/A,Privilege Escalation,
2025-12-28 15:12:28.091330+00:00,N/A,Privilege Escalation,
2025-12-28 15:36:58.970314+00:00,N/A,Privilege Escalation,
2025-12-28 15:43:22.833363+00:00,N/A,Privilege Escalation,
2025-12-28 15:43:25.865332+00:00,N/A,Privilege Escalation,
2025-12-28 15:43:26.231972+00:00,N/A,Privilege Escalation,
2025-12-28 15:43:30.039848+00:00,N/A,Privilege Escalation,
2025-12-28 15:43:31.016474+00:00,N/A,Privilege Escalation,
2025-12-28 15:43:32.587866+00:00,N/A,Privilege Escalation,
2025-12-28 15:48:34.925205+00:00,N/A,Privilege Escalation,
2025-12-28 15:48:51.995815+00:00,N/A,Privilege Escalation,
2025-12-28 15:49:14.137724+00:00,N/A,Privilege Escalation,
2025-12-28 15:58:32.894783+00:00,N/A,Privilege Escalation,
2025-12-28 16:04:30.953955+00:00,N/A,Privilege Escalation,
2025-12-28 16:06:33.062969+00:00,N/A,Privilege Escalation,
2025-12-28 16:06:33.837353+00:00,N/A,Privilege Escalation,
2025-12-28 16:12:33.043190+00:00,N/A,Privilege Escalation,
2025-12-28 16:13:33.047115+00:00,N/A,Privilege Escalation,
2025-12-28 16:15:33.669205+00:00,N/A,Privilege Escalation,
2025-12-28 16:15:34.685898+00:00,N/A,Privilege Escalation,
2025-12-28 16:20:06.083879+00:00,N/A,Privilege Escalation,
2025-12-28 16:24:44.426208+00:00,N/A,Privilege Escalation,
2025-12-28 16:25:12.552979+00:00,N/A,Privilege Escalation,
2025-12-28 16:25:12.552980+00:00,N/A,Privilege Escalation,
2025-12-28 16:25:12.675022+00:00,N/A,Privilege Escalation,
2025-12-28 16:25:12.842169+00:00,N/A,Privilege Escalation,
2025-12-28 16:25:13.301247+00:00,N/A,Privilege Escalation,
2025-12-28 16:25:25.355473+00:00,N/A,Privilege Escalation,
2025-12-29 13:42:10.005936+00:00,N/A,Privilege Escalation,
2025-12-29 13:42:10.284264+00:00,N/A,Privilege Escalation,
2025-12-29 13:42:11.148466+00:00,N/A,Privilege Escalation,
2025-12-29 13:42:12.498423+00:00,N/A,Privilege Escalation,
2025-12-29 13:42:12.718515+00:00,N/A,Privilege Escalation,
2025-12-29 13:42:17.584728+00:00,N/A,Privilege Escalation,
2025-12-29 13:42:39.414003+00:00,N/A,Privilege Escalation,
2025-12-29 13:44:13.408781+00:00,N/A,Privilege Escalation,
2025-12-29 13:44:14.138811+00:00,N/A,Privilege Escalation,
2025-12-29 13:44:34.837629+00:00,N/A,Privilege Escalation,
2025-12-29 13:47:06.066683+00:00,N/A,Privilege Escalation,
2025-12-29 13:47:11.994078+00:00,N/A,Privilege Escalation,
2025-12-29 13:47:17.561979+00:00,N/A,Privilege Escalation,
2025-12-29 13:48:09.382219+00:00,N/A,Privilege Escalation,
2025-12-29 13:48:10.287405+00:00,N/A,Privilege Escalation,
2025-12-29 13:48:11.916264+00:00,N/A,Privilege Escalation,
2025-12-29 13:48:11.922930+00:00,N/A,Privilege Escalation,
2025-12-29 13:48:11.924740+00:00,N/A,Privilege Escalation,
2025-12-29 13:48:11.937714+00:00,N/A,Privilege Escalation,
2025-12-29 13:48:11.957544+00:00,N/A,Privilege Escalation,
2025-12-29 13:48:12.030466+00:00,N/A,Privilege Escalation,
2025-12-29 13:48:12.835693+00:00,N/A,Privilege Escalation,
2025-12-29 13:48:13.553036+00:00,N/A,Privilege Escalation,
2025-12-29 13:48:14.502106+00:00,N/A,Privilege Escalation,
2025-12-29 13:48:15.535734+00:00,N/A,Privilege Escalation,
2025-12-29 13:48:15.542967+00:00,N/A,Privilege Escalation,
2025-12-29 13:48:15.546505+00:00,N/A,Privilege Escalation,
2025-12-29 13:48:15.553986+00:00,N/A,Privilege Escalation,
2025-12-29 13:48:15.557253+00:00,N/A,Privilege Escalation,
2025-12-29 13:48:15.569271+00:00,N/A,Privilege Escalation,
2025-12-29 13:48:16.194265+00:00,N/A,Privilege Escalation,
2025-12-29 13:48:16.803907+00:00,N/A,Privilege Escalation,
2025-12-29 13:50:14.407900+00:00,N/A,Privilege Escalation,
2025-12-29 13:57:11.184505+00:00,N/A,Privilege Escalation,
2025-12-29 13:57:13.158182+00:00,N/A,Privilege Escalation,
2025-12-29 13:57:14.042240+00:00,N/A,Privilege Escalation,
2025-12-29 13:57:24.679937+00:00,N/A,Privilege Escalation,
2025-12-29 14:06:29.105629+00:00,N/A,Privilege Escalation,
2025-12-29 14:09:24.529179+00:00,N/A,Privilege Escalation,
2025-12-29 14:12:24.785547+00:00,N/A,Privilege Escalation,
2025-12-29 14:22:56.515915+00:00,N/A,Privilege Escalation,
2025-12-29 14:22:57.458874+00:00,N/A,Privilege Escalation,
2025-12-29 14:22:57.762270+00:00,N/A,Privilege Escalation,
2025-12-29 14:22:58.177208+00:00,N/A,Privilege Escalation,
2025-12-29 14:23:19.131516+00:00,N/A,Privilege Escalation,
2025-12-29 14:27:00.334814+00:00,N/A,Privilege Escalation,
2025-12-29 14:36:06.587778+00:00,N/A,Privilege Escalation,
2025-12-29 14:36:16.698124+00:00,N/A,Privilege Escalation,
2025-12-29 14:36:21.991772+00:00,N/A,Privilege Escalation,
2025-12-29 14:36:23.819733+00:00,N/A,Privilege Escalation,
2025-12-29 14:37:22.142767+00:00,N/A,Privilege Escalation,
2025-12-29 14:37:35.608324+00:00,N/A,Privilege Escalation,
2025-12-29 14:38:56.372982+00:00,N/A,Privilege Escalation,
2025-12-29 14:38:56.535015+00:00,N/A,Privilege Escalation,
2025-12-29 14:38:59.418211+00:00,N/A,Privilege Escalation,
2025-12-29 14:39:35.118763+00:00,N/A,Privilege Escalation,
2025-12-29 14:40:02.370335+00:00,N/A,Privilege Escalation,
2025-12-29 14:42:31.395195+00:00,N/A,Privilege Escalation,
2025-12-29 14:43:46.779913+00:00,N/A,Privilege Escalation,
2025-12-29 14:44:08.161352+00:00,N/A,Privilege Escalation,
2025-12-29 14:44:09.151354+00:00,N/A,Privilege Escalation,
2025-12-29 14:44:09.382244+00:00,N/A,Privilege Escalation,
2025-12-29 14:44:33.594435+00:00,N/A,Privilege Escalation,
2025-12-29 14:44:34.508553+00:00,N/A,Privilege Escalation,
2025-12-29 14:45:40.813286+00:00,N/A,Privilege Escalation,
2025-12-29 14:48:11.030310+00:00,N/A,Privilege Escalation,
2025-12-29 14:50:33.599024+00:00,N/A,Privilege Escalation,
2025-12-29 14:57:25.000023+00:00,N/A,Privilege Escalation,
2025-12-29 15:12:25.106054+00:00,N/A,Privilege Escalation,
2025-12-29 15:22:57.374762+00:00,N/A,Privilege Escalation,
2025-12-29 15:27:25.205706+00:00,N/A,Privilege Escalation,
2025-12-29 15:42:12.541859+00:00,N/A,Privilege Escalation,
2025-12-29 15:42:12.735491+00:00,N/A,Privilege Escalation,
2025-12-29 15:42:25.298885+00:00,N/A,Privilege Escalation,
2025-12-29 15:42:36.290785+00:00,N/A,Privilege Escalation,
2025-12-29 15:44:38.369476+00:00,N/A,Privilege Escalation,
2025-12-29 15:44:39.118872+00:00,N/A,Privilege Escalation,
2025-12-29 15:50:38.338062+00:00,N/A,Privilege Escalation,
2025-12-29 15:57:25.402159+00:00,N/A,Privilege Escalation,
2025-12-29 16:03:15.981621+00:00,N/A,Privilege Escalation,
2025-12-29 16:03:16.769569+00:00,N/A,Privilege Escalation,
2025-12-29 16:03:56.967295+00:00,N/A,Privilege Escalation,
2025-12-29 16:03:57.128752+00:00,N/A,Privilege Escalation,
2025-12-29 16:03:58.746540+00:00,N/A,Privilege Escalation,
2025-12-29 16:04:05.203001+00:00,N/A,Privilege Escalation,
2025-12-29 16:07:46.172178+00:00,N/A,Privilege Escalation,
2025-12-29 16:10:41.778088+00:00,N/A,Privilege Escalation,
2025-12-29 16:11:53.510715+00:00,N/A,Privilege Escalation,
2025-12-29 16:11:54.833138+00:00,N/A,Privilege Escalation,
2025-12-29 16:12:25.756880+00:00,N/A,Privilege Escalation,
2025-12-29 16:27:28.167231+00:00,N/A,Privilege Escalation,
2025-12-29 16:42:28.388014+00:00,N/A,Privilege Escalation,
2025-12-29 16:42:41.871044+00:00,N/A,Privilege Escalation,
2025-12-29 16:44:46.639925+00:00,N/A,Privilege Escalation,
2025-12-29 16:44:47.757586+00:00,N/A,Privilege Escalation,
2025-12-29 16:48:35.168312+00:00,N/A,Privilege Escalation,
